,Season,Squad,Age,Tkl,TklWon,Blocks,Int,Clr,SCA,PasAss,GCA,GcaDrib,Recov,AerWon,Assists,PPA,CrsPA,TklDri,Goals,SoT,G/Sh,PasProg,Goals Conceded
0,2017/2018,Alavés,641,699.0,461.0,406.0,495.0,967.0,658.0,437.0,70.0,7.0,1939.0,604.0,31.0,176.0,62.0,244.0,40.0,134.0,1.97,1042.0,50
1,2017/2018,Amiens,644,657.0,445.0,444.0,518.0,1113.0,610.0,418.0,57.0,7.0,2165.0,630.0,24.0,176.0,54.0,209.0,36.0,95.0,1.5,1177.0,42
2,2017/2018,Angers,608,661.0,427.0,402.0,409.0,842.0,789.0,529.0,69.0,3.0,2026.0,584.0,30.0,227.0,62.0,227.0,41.0,151.0,1.4300000000000002,1430.0,52
3,2017/2018,Arsenal,643,620.0,423.0,368.0,420.0,844.0,1075.0,826.0,131.0,7.0,2073.0,611.0,61.0,477.0,49.0,163.0,73.0,223.0,2.8000000000000003,2215.0,51
4,2017/2018,Atalanta,521,724.0,487.0,430.0,475.0,814.0,1014.0,725.0,98.0,8.0,2397.0,558.0,38.0,418.0,91.0,262.0,57.0,192.0,1.9,1919.0,39
5,2017/2018,Athletic Club,600,725.0,474.0,429.0,449.0,793.0,721.0,483.0,66.0,2.0,2089.0,699.0,24.0,288.0,101.0,258.0,39.0,142.0,1.25,1501.0,49
6,2017/2018,Atlético Madrid,606,917.0,614.0,462.0,511.0,877.0,699.0,471.0,104.0,14.0,2178.0,550.0,41.0,259.0,34.0,267.0,57.0,147.0,1.83,1460.0,22
7,2017/2018,Augsburg,548,715.0,538.0,398.0,398.0,829.0,746.0,517.0,68.0,1.0,1609.0,696.0,30.0,243.0,107.0,255.0,41.0,141.0,1.42,1114.0,46
8,2017/2018,Barcelona,551,612.0,399.0,351.0,412.0,493.0,1026.0,735.0,168.0,17.0,1997.0,341.0,74.0,470.0,30.0,354.0,96.0,264.0,2.42,2109.0,29
9,2017/2018,Bayern Munich,569,602.0,462.0,308.0,348.0,389.0,1099.0,858.0,169.0,9.0,1571.0,506.0,72.0,431.0,101.0,397.0,90.0,226.0,3.2800000000000002,2322.0,28
10,2017/2018,Betis,632,634.0,424.0,354.0,427.0,855.0,718.0,546.0,91.0,6.0,1895.0,442.0,41.0,234.0,64.0,240.0,56.0,160.0,2.79,1506.0,61
11,2017/2018,Bologna,659,654.0,450.0,475.0,453.0,1104.0,638.0,459.0,62.0,4.0,1807.0,586.0,18.0,229.0,56.0,141.0,37.0,119.0,2.9699999999999998,1320.0,52
12,2017/2018,Bordeaux,573,686.0,452.0,351.0,450.0,814.0,812.0,599.0,91.0,6.0,2152.0,569.0,35.0,266.0,85.0,302.0,52.0,143.0,1.55,1483.0,48
13,2017/2018,Bournemouth,494,508.0,323.0,450.0,364.0,1108.0,803.0,578.0,82.0,5.0,1930.0,690.0,36.0,291.0,67.0,291.0,45.0,153.0,1.43,1526.0,61
14,2017/2018,Brighton,575,599.0,380.0,430.0,446.0,1168.0,680.0,485.0,60.0,4.0,2097.0,782.0,25.0,193.0,65.0,187.0,33.0,110.0,1.35,1230.0,54
15,2017/2018,Burnley,547,517.0,351.0,444.0,385.0,1227.0,638.0,422.0,58.0,4.0,1797.0,876.0,26.0,206.0,84.0,117.0,35.0,126.0,1.25,1080.0,39
16,2017/2018,Caen,547,729.0,475.0,449.0,472.0,942.0,787.0,541.0,47.0,2.0,2333.0,803.0,19.0,213.0,106.0,162.0,25.0,119.0,0.8500000000000001,1541.0,52
17,2017/2018,Cagliari,630,639.0,446.0,422.0,429.0,995.0,651.0,463.0,54.0,2.0,1855.0,736.0,21.0,268.0,94.0,170.0,33.0,113.0,0.96,1344.0,61
18,2017/2018,Celta Vigo,494,589.0,420.0,325.0,494.0,753.0,798.0,576.0,103.0,8.0,2100.0,534.0,45.0,308.0,87.0,227.0,57.0,157.0,1.21,1593.0,60
19,2017/2018,Chelsea,557,635.0,425.0,365.0,424.0,829.0,1110.0,835.0,110.0,8.0,2187.0,597.0,42.0,398.0,74.0,221.0,60.0,210.0,1.61,1997.0,38
20,2017/2018,Chievo,612,538.0,363.0,437.0,440.0,1077.0,695.0,539.0,65.0,3.0,1863.0,626.0,20.0,271.0,114.0,171.0,36.0,131.0,1.52,1338.0,59
21,2017/2018,Crystal Palace,539,653.0,427.0,441.0,531.0,1048.0,821.0,517.0,77.0,7.0,2074.0,733.0,26.0,268.0,55.0,237.0,44.0,134.0,1.3599999999999999,1284.0,55
22,2017/2018,Dijon,576,663.0,451.0,380.0,536.0,930.0,765.0,537.0,88.0,13.0,2041.0,585.0,36.0,269.0,75.0,183.0,52.0,154.0,1.9100000000000001,1301.0,73
23,2017/2018,Dortmund,589,684.0,499.0,383.0,330.0,631.0,846.0,649.0,102.0,10.0,1360.0,567.0,44.0,322.0,67.0,375.0,62.0,167.0,2.66,1693.0,47
24,2017/2018,Eibar,597,636.0,429.0,346.0,551.0,684.0,801.0,532.0,72.0,1.0,2201.0,737.0,31.0,256.0,138.0,296.0,43.0,131.0,1.97,1466.0,50
25,2017/2018,Eint Frankfurt,655,623.0,483.0,465.0,409.0,894.0,671.0,473.0,81.0,2.0,1501.0,668.0,34.0,258.0,75.0,304.0,44.0,145.0,3.02,1288.0,45
26,2017/2018,Espanyol,595,712.0,497.0,361.0,513.0,885.0,716.0,501.0,60.0,4.0,1965.0,585.0,24.0,232.0,85.0,269.0,33.0,128.0,0.65,1275.0,42
27,2017/2018,Everton,721,637.0,444.0,419.0,512.0,1305.0,624.0,450.0,71.0,8.0,2034.0,757.0,26.0,209.0,70.0,194.0,42.0,110.0,1.33,1148.0,58
28,2017/2018,Fiorentina,569,740.0,496.0,438.0,485.0,965.0,1075.0,807.0,95.0,10.0,2100.0,550.0,32.0,331.0,95.0,220.0,53.0,179.0,1.56,1685.0,46
29,2017/2018,Freiburg,602,637.0,463.0,419.0,391.0,802.0,667.0,458.0,56.0,4.0,1285.0,707.0,21.0,189.0,56.0,232.0,32.0,110.0,1.34,1059.0,56
30,2017/2018,Genoa,761,547.0,392.0,411.0,390.0,924.0,740.0,553.0,54.0,5.0,1940.0,548.0,18.0,286.0,91.0,172.0,31.0,120.0,1.87,1439.0,43
31,2017/2018,Getafe,652,707.0,484.0,346.0,482.0,873.0,624.0,374.0,64.0,9.0,1966.0,517.0,27.0,257.0,67.0,289.0,41.0,122.0,2.4699999999999998,1085.0,33
32,2017/2018,Girona,532,607.0,399.0,328.0,485.0,835.0,787.0,491.0,88.0,11.0,1934.0,639.0,31.0,222.0,113.0,283.0,50.0,149.0,1.38,1212.0,59
33,2017/2018,Guingamp,558,640.0,437.0,368.0,475.0,962.0,759.0,519.0,73.0,3.0,1988.0,601.0,27.0,237.0,71.0,218.0,46.0,156.0,1.51,1519.0,59
34,2017/2018,Hannover 96,514,640.0,467.0,457.0,354.0,893.0,741.0,491.0,74.0,1.0,1429.0,760.0,25.0,213.0,74.0,251.0,44.0,140.0,1.2000000000000002,1177.0,54
35,2017/2018,Hellas Verona,616,632.0,441.0,412.0,523.0,1067.0,590.0,396.0,47.0,3.0,1793.0,538.0,19.0,171.0,65.0,208.0,30.0,89.0,1.6300000000000001,1038.0,78
36,2017/2018,Hoffenheim,558,683.0,513.0,437.0,344.0,628.0,831.0,636.0,105.0,7.0,1421.0,430.0,45.0,285.0,72.0,318.0,64.0,172.0,2.2199999999999998,1343.0,48
37,2017/2018,Huddersfield,522,739.0,500.0,449.0,510.0,1101.0,612.0,437.0,43.0,6.0,2054.0,770.0,18.0,178.0,77.0,215.0,25.0,106.0,1.03,1205.0,58
38,2017/2018,Inter,514,630.0,433.0,348.0,401.0,794.0,1026.0,783.0,111.0,4.0,2096.0,528.0,34.0,365.0,96.0,195.0,64.0,195.0,1.57,1876.0,30
39,2017/2018,Juventus,584,517.0,359.0,312.0,421.0,732.0,1009.0,745.0,154.0,13.0,1959.0,452.0,39.0,312.0,97.0,206.0,82.0,198.0,2.64,1704.0,24
40,2017/2018,Lazio,524,676.0,450.0,410.0,492.0,776.0,1002.0,769.0,150.0,17.0,2234.0,469.0,51.0,371.0,95.0,243.0,86.0,199.0,2.66,1800.0,49
41,2017/2018,Leganés,570,709.0,473.0,360.0,574.0,752.0,671.0,414.0,55.0,5.0,2081.0,640.0,23.0,189.0,75.0,267.0,32.0,125.0,1.49,1096.0,51
42,2017/2018,Leicester City,599,621.0,413.0,457.0,407.0,961.0,723.0,490.0,92.0,6.0,2073.0,763.0,38.0,224.0,72.0,293.0,53.0,137.0,1.47,1251.0,60
43,2017/2018,Levante,668,614.0,413.0,388.0,471.0,785.0,719.0,493.0,78.0,8.0,1924.0,458.0,28.0,271.0,86.0,309.0,43.0,119.0,1.71,1285.0,58
44,2017/2018,Leverkusen,481,642.0,481.0,479.0,388.0,609.0,906.0,682.0,105.0,13.0,1654.0,541.0,46.0,312.0,78.0,325.0,58.0,166.0,1.64,1657.0,44
45,2017/2018,Lille,420,641.0,430.0,354.0,468.0,715.0,756.0,547.0,71.0,11.0,2065.0,446.0,30.0,221.0,53.0,244.0,41.0,139.0,1.4000000000000001,1515.0,67
46,2017/2018,Liverpool,552,633.0,447.0,388.0,378.0,779.0,1131.0,855.0,143.0,27.0,2174.0,574.0,58.0,464.0,67.0,210.0,82.0,226.0,2.62,2235.0,38
47,2017/2018,Lyon,460,631.0,405.0,352.0,447.0,844.0,1022.0,671.0,149.0,14.0,2073.0,562.0,62.0,274.0,64.0,304.0,85.0,220.0,1.69,1660.0,43
48,2017/2018,M'Gladbach,496,669.0,485.0,464.0,375.0,703.0,790.0,561.0,76.0,6.0,1369.0,500.0,25.0,256.0,54.0,357.0,46.0,149.0,1.55,1380.0,52
49,2017/2018,Mainz 05,593,698.0,521.0,502.0,401.0,777.0,715.0,518.0,65.0,4.0,1447.0,671.0,27.0,188.0,63.0,360.0,38.0,143.0,1.84,1116.0,52
50,2017/2018,Manchester City,535,561.0,379.0,327.0,346.0,604.0,1199.0,937.0,190.0,15.0,2019.0,500.0,84.0,525.0,44.0,228.0,103.0,254.0,2.01,2570.0,27
51,2017/2018,Manchester Utd,636,564.0,369.0,381.0,481.0,917.0,910.0,696.0,114.0,12.0,2094.0,616.0,53.0,357.0,73.0,270.0,67.0,170.0,2.38,1564.0,28
52,2017/2018,Marseille,519,754.0,503.0,389.0,445.0,782.0,1097.0,746.0,136.0,15.0,2191.0,589.0,54.0,320.0,111.0,250.0,79.0,219.0,1.83,1580.0,47
53,2017/2018,Metz,705,704.0,456.0,373.0,507.0,823.0,755.0,512.0,57.0,3.0,2141.0,610.0,27.0,241.0,95.0,265.0,33.0,156.0,1.05,1509.0,76
54,2017/2018,Monaco,599,717.0,432.0,391.0,494.0,982.0,831.0,545.0,138.0,19.0,2027.0,602.0,56.0,270.0,76.0,289.0,83.0,169.0,3.72,1741.0,45
55,2017/2018,Montpellier,536,679.0,449.0,337.0,498.0,863.0,865.0,604.0,65.0,4.0,2172.0,612.0,28.0,243.0,92.0,239.0,36.0,154.0,1.19,1564.0,33
56,2017/2018,Nantes,588,745.0,503.0,492.0,423.0,1023.0,878.0,596.0,62.0,3.0,2181.0,652.0,24.0,261.0,109.0,197.0,36.0,129.0,1.09,1400.0,41
57,2017/2018,Napoli,493,580.0,396.0,387.0,328.0,525.0,1172.0,949.0,129.0,10.0,2299.0,348.0,45.0,420.0,54.0,254.0,73.0,245.0,2.55,2438.0,29
58,2017/2018,Newcastle Utd,519,629.0,414.0,468.0,425.0,1160.0,753.0,543.0,62.0,2.0,1954.0,853.0,29.0,213.0,71.0,226.0,38.0,146.0,2.51,1122.0,47
59,2017/2018,Nice,592,574.0,387.0,362.0,434.0,680.0,856.0,586.0,95.0,10.0,1877.0,381.0,34.0,212.0,45.0,238.0,52.0,170.0,1.34,1621.0,52
60,2017/2018,Paris S-G,500,633.0,430.0,317.0,323.0,605.0,1103.0,814.0,180.0,20.0,1885.0,334.0,74.0,503.0,82.0,295.0,100.0,238.0,2.6500000000000004,2024.0,29
61,2017/2018,RB Leipzig,430,693.0,505.0,469.0,397.0,800.0,861.0,628.0,102.0,7.0,1645.0,626.0,43.0,284.0,49.0,406.0,57.0,172.0,2.0100000000000002,1587.0,53
62,2017/2018,Real Madrid,502,676.0,462.0,356.0,403.0,499.0,1285.0,996.0,165.0,9.0,1987.0,390.0,65.0,512.0,122.0,250.0,91.0,267.0,2.69,2365.0,44
63,2017/2018,Real Sociedad,537,541.0,371.0,365.0,440.0,646.0,916.0,646.0,106.0,10.0,1965.0,492.0,47.0,311.0,103.0,260.0,64.0,165.0,1.9500000000000002,1599.0,59
64,2017/2018,Roma,517,543.0,381.0,317.0,469.0,780.0,1144.0,830.0,101.0,8.0,2107.0,652.0,37.0,390.0,112.0,266.0,56.0,199.0,1.4,1962.0,28
65,2017/2018,SPAL,642,580.0,410.0,389.0,520.0,1080.0,658.0,437.0,64.0,1.0,1717.0,496.0,14.0,196.0,60.0,218.0,37.0,109.0,1.83,1208.0,59
66,2017/2018,Saint-Étienne,656,673.0,447.0,397.0,400.0,936.0,733.0,517.0,75.0,9.0,1958.0,614.0,31.0,230.0,51.0,211.0,45.0,139.0,1.97,1539.0,50
67,2017/2018,Sampdoria,477,578.0,394.0,478.0,311.0,785.0,782.0,547.0,82.0,8.0,1804.0,445.0,30.0,307.0,57.0,206.0,56.0,163.0,1.3699999999999999,1536.0,60
68,2017/2018,Sassuolo,575,550.0,362.0,385.0,495.0,1034.0,850.0,607.0,50.0,5.0,1992.0,572.0,16.0,229.0,81.0,205.0,28.0,134.0,1.09,1462.0,59
69,2017/2018,Schalke 04,425,623.0,459.0,440.0,431.0,683.0,693.0,444.0,85.0,7.0,1695.0,507.0,31.0,186.0,54.0,412.0,50.0,153.0,1.4100000000000001,1107.0,37
70,2017/2018,Sevilla,700,758.0,531.0,416.0,401.0,823.0,921.0,689.0,89.0,9.0,2058.0,564.0,35.0,342.0,56.0,267.0,48.0,174.0,2.01,1815.0,58
71,2017/2018,Southampton,566,652.0,451.0,452.0,458.0,1012.0,794.0,589.0,64.0,9.0,2176.0,676.0,23.0,288.0,77.0,151.0,36.0,136.0,2.31,1604.0,56
72,2017/2018,Strasbourg,514,741.0,485.0,354.0,509.0,855.0,777.0,516.0,77.0,6.0,2025.0,692.0,26.0,240.0,79.0,252.0,43.0,121.0,1.18,1275.0,67
73,2017/2018,Stuttgart,530,695.0,495.0,435.0,412.0,798.0,622.0,427.0,58.0,9.0,1397.0,615.0,22.0,201.0,76.0,298.0,35.0,119.0,1.48,1024.0,36
74,2017/2018,Torino,550,596.0,395.0,373.0,416.0,921.0,780.0,550.0,93.0,7.0,2047.0,595.0,36.0,280.0,69.0,255.0,53.0,151.0,1.66,1416.0,46
75,2017/2018,Tottenham,483,612.0,394.0,358.0,375.0,834.0,1080.0,802.0,111.0,8.0,2078.0,594.0,49.0,389.0,61.0,277.0,70.0,209.0,1.1800000000000002,2241.0,36
76,2017/2018,Toulouse,515,643.0,426.0,376.0,440.0,855.0,743.0,479.0,62.0,4.0,1952.0,725.0,24.0,216.0,98.0,278.0,35.0,132.0,1.21,1384.0,54
77,2017/2018,Troyes,576,655.0,408.0,381.0,435.0,1068.0,620.0,464.0,53.0,5.0,1986.0,632.0,21.0,229.0,75.0,257.0,30.0,118.0,0.84,1327.0,59
78,2017/2018,Udinese,602,615.0,413.0,482.0,457.0,979.0,777.0,563.0,80.0,6.0,1875.0,532.0,27.0,242.0,81.0,230.0,45.0,131.0,2.05,1360.0,63
79,2017/2018,Valencia,562,745.0,492.0,416.0,459.0,908.0,858.0,605.0,114.0,11.0,2013.0,533.0,45.0,307.0,75.0,271.0,63.0,175.0,1.92,1563.0,38
80,2017/2018,Villarreal,583,694.0,457.0,443.0,420.0,987.0,822.0,598.0,93.0,13.0,1929.0,535.0,45.0,244.0,59.0,241.0,56.0,162.0,1.91,1441.0,50
81,2017/2018,Watford,641,642.0,412.0,349.0,441.0,934.0,745.0,511.0,68.0,8.0,1986.0,804.0,26.0,274.0,72.0,225.0,42.0,126.0,2.13,1392.0,64
82,2017/2018,Werder Bremen,535,591.0,428.0,349.0,416.0,715.0,787.0,565.0,58.0,2.0,1312.0,624.0,27.0,237.0,80.0,273.0,34.0,144.0,1.61,1469.0,40
83,2017/2018,West Brom,551,593.0,377.0,413.0,458.0,1058.0,634.0,441.0,50.0,4.0,2011.0,766.0,24.0,225.0,115.0,204.0,31.0,111.0,1.75,1094.0,68
84,2017/2018,Wolfsburg,579,561.0,412.0,410.0,394.0,691.0,615.0,452.0,66.0,2.0,1217.0,579.0,26.0,188.0,60.0,219.0,36.0,113.0,2.9,1284.0,48
85,2018/2019,Alavés,567,643.0,387.0,418.0,387.0,1039.0,689.0,451.0,59.0,3.0,1933.0,854.0,27.0,224.0,117.0,213.0,39.0,116.0,1.59,1113.0,50
86,2018/2019,Amiens,555,622.0,379.0,387.0,392.0,869.0,657.0,462.0,54.0,4.0,1852.0,712.0,22.0,197.0,53.0,227.0,30.0,112.0,1.69,1269.0,52
87,2018/2019,Angers,535,670.0,397.0,395.0,418.0,887.0,779.0,529.0,68.0,4.0,1943.0,612.0,27.0,230.0,51.0,245.0,42.0,144.0,1.3800000000000001,1316.0,49
88,2018/2019,Arsenal,583,604.0,362.0,420.0,407.0,775.0,829.0,653.0,116.0,5.0,1922.0,546.0,52.0,415.0,63.0,226.0,69.0,159.0,3.08,1864.0,51
89,2018/2019,Atalanta,532,634.0,395.0,433.0,451.0,666.0,1143.0,861.0,137.0,10.0,2156.0,620.0,60.0,440.0,94.0,289.0,75.0,214.0,1.75,1937.0,46
90,2018/2019,Athletic Club,588,636.0,380.0,409.0,441.0,788.0,679.0,467.0,68.0,3.0,1983.0,896.0,25.0,286.0,86.0,252.0,39.0,132.0,1.58,1439.0,45
91,2018/2019,Atlético Madrid,537,734.0,456.0,350.0,438.0,766.0,743.0,528.0,86.0,4.0,1895.0,650.0,34.0,267.0,38.0,194.0,53.0,155.0,2.66,1319.0,29
92,2018/2019,Augsburg,604,580.0,368.0,393.0,454.0,728.0,747.0,526.0,81.0,3.0,1778.0,644.0,33.0,239.0,81.0,186.0,50.0,156.0,2.54,1136.0,71
93,2018/2019,Barcelona,655,527.0,341.0,359.0,386.0,548.0,990.0,758.0,155.0,13.0,1931.0,440.0,61.0,436.0,37.0,304.0,88.0,242.0,2.0300000000000002,2089.0,36
94,2018/2019,Bayern Munich,546,464.0,293.0,312.0,336.0,358.0,1131.0,791.0,147.0,13.0,1919.0,517.0,62.0,448.0,75.0,257.0,86.0,252.0,3.69,2190.0,32
95,2018/2019,Betis,570,611.0,377.0,376.0,354.0,653.0,774.0,578.0,76.0,6.0,1705.0,441.0,30.0,303.0,61.0,266.0,43.0,156.0,1.44,1602.0,52
96,2018/2019,Bologna,660,687.0,429.0,460.0,369.0,849.0,873.0,610.0,79.0,3.0,1845.0,732.0,35.0,249.0,95.0,269.0,45.0,158.0,2.54,1328.0,56
97,2018/2019,Bordeaux,513,682.0,426.0,387.0,378.0,895.0,733.0,550.0,58.0,5.0,2053.0,625.0,26.0,204.0,65.0,303.0,34.0,131.0,1.04,1339.0,42
98,2018/2019,Bournemouth,581,514.0,294.0,399.0,363.0,1072.0,780.0,553.0,99.0,8.0,1869.0,685.0,43.0,329.0,75.0,287.0,55.0,153.0,1.44,1426.0,70
99,2018/2019,Brighton,515,678.0,391.0,415.0,463.0,986.0,644.0,424.0,55.0,1.0,1951.0,815.0,24.0,223.0,81.0,247.0,35.0,99.0,2.19,1150.0,60
100,2018/2019,Burnley,585,576.0,307.0,505.0,359.0,1138.0,615.0,410.0,69.0,0.0,1911.0,1012.0,32.0,235.0,82.0,161.0,43.0,112.0,2.54,1007.0,68
101,2018/2019,Caen,523,682.0,420.0,387.0,463.0,891.0,568.0,387.0,53.0,3.0,1819.0,731.0,17.0,145.0,64.0,264.0,29.0,90.0,1.02,1002.0,54
102,2018/2019,Cagliari,703,600.0,386.0,447.0,341.0,815.0,747.0,536.0,62.0,3.0,1892.0,830.0,27.0,278.0,105.0,165.0,35.0,124.0,0.9500000000000001,1284.0,54
103,2018/2019,Celta Vigo,563,598.0,354.0,358.0,370.0,845.0,793.0,571.0,86.0,5.0,1806.0,653.0,35.0,229.0,58.0,244.0,52.0,152.0,1.17,1266.0,62
104,2018/2019,Chelsea,504,607.0,360.0,351.0,349.0,610.0,1125.0,887.0,114.0,13.0,2065.0,497.0,52.0,415.0,65.0,252.0,61.0,192.0,1.34,2113.0,39
105,2018/2019,Chievo,805,619.0,372.0,418.0,459.0,956.0,681.0,510.0,40.0,0.0,1899.0,688.0,17.0,237.0,89.0,163.0,25.0,110.0,1.31,1222.0,75
106,2018/2019,Crystal Palace,499,730.0,444.0,441.0,444.0,1000.0,853.0,603.0,86.0,7.0,1961.0,663.0,33.0,275.0,63.0,289.0,48.0,135.0,1.4300000000000002,1457.0,53
107,2018/2019,Dijon,616,671.0,407.0,414.0,481.0,802.0,792.0,543.0,50.0,8.0,1905.0,654.0,21.0,245.0,75.0,244.0,29.0,138.0,1.9,1328.0,60
108,2018/2019,Dortmund,509,496.0,319.0,333.0,382.0,651.0,795.0,583.0,142.0,7.0,1721.0,453.0,60.0,268.0,41.0,297.0,80.0,176.0,2.84,1637.0,44
109,2018/2019,Düsseldorf,532,616.0,379.0,367.0,407.0,697.0,725.0,506.0,84.0,9.0,1667.0,580.0,35.0,218.0,68.0,203.0,48.0,153.0,1.88,1183.0,65
110,2018/2019,Eibar,604,636.0,423.0,357.0,366.0,664.0,929.0,635.0,73.0,3.0,2192.0,988.0,26.0,353.0,152.0,248.0,46.0,147.0,1.31,1619.0,50
111,2018/2019,Eint Frankfurt,593,591.0,369.0,461.0,360.0,684.0,698.0,471.0,96.0,7.0,1954.0,801.0,42.0,215.0,76.0,227.0,60.0,148.0,2.15,1227.0,48
112,2018/2019,Espanyol,623,655.0,394.0,402.0,406.0,941.0,801.0,587.0,66.0,2.0,1884.0,585.0,26.0,306.0,60.0,204.0,43.0,154.0,1.6,1494.0,50
113,2018/2019,Everton,514,692.0,436.0,411.0,449.0,825.0,835.0,566.0,93.0,8.0,2117.0,847.0,34.0,296.0,94.0,258.0,53.0,163.0,2.35,1547.0,46
114,2018/2019,Fiorentina,530,587.0,369.0,399.0,402.0,852.0,989.0,709.0,68.0,10.0,1902.0,617.0,24.0,284.0,86.0,283.0,45.0,168.0,1.01,1528.0,45
115,2018/2019,Freiburg,572,566.0,357.0,401.0,371.0,867.0,717.0,504.0,70.0,0.0,1599.0,546.0,24.0,199.0,70.0,203.0,44.0,154.0,1.51,1063.0,61
116,2018/2019,Genoa,691,669.0,423.0,376.0,423.0,844.0,919.0,627.0,63.0,2.0,1934.0,743.0,26.0,301.0,92.0,212.0,37.0,147.0,1.12,1272.0,57
117,2018/2019,Getafe,548,591.0,352.0,410.0,441.0,841.0,664.0,419.0,77.0,11.0,1941.0,803.0,34.0,264.0,85.0,275.0,47.0,122.0,1.25,1104.0,35
118,2018/2019,Girona,609,611.0,366.0,401.0,431.0,921.0,691.0,462.0,63.0,2.0,1968.0,746.0,23.0,256.0,92.0,221.0,37.0,137.0,1.01,1315.0,53
119,2018/2019,Guingamp,561,670.0,420.0,411.0,412.0,731.0,708.0,489.0,50.0,1.0,1943.0,760.0,21.0,215.0,88.0,218.0,28.0,108.0,1.12,1381.0,68
120,2018/2019,Hannover 96,609,570.0,334.0,424.0,448.0,773.0,642.0,439.0,54.0,4.0,1717.0,599.0,19.0,212.0,57.0,251.0,30.0,112.0,1.35,1084.0,71
121,2018/2019,Hoffenheim,551,541.0,344.0,398.0,383.0,606.0,1064.0,773.0,114.0,8.0,1723.0,507.0,48.0,341.0,91.0,239.0,69.0,215.0,1.58,1543.0,52
122,2018/2019,Huddersfield,560,703.0,423.0,490.0,524.0,665.0,665.0,472.0,32.0,0.0,2001.0,825.0,12.0,202.0,92.0,205.0,21.0,116.0,1.11,1234.0,76
123,2018/2019,Inter,561,613.0,409.0,388.0,311.0,630.0,1127.0,865.0,98.0,6.0,1954.0,515.0,36.0,430.0,164.0,225.0,57.0,186.0,1.24,1916.0,33
124,2018/2019,Juventus,612,561.0,349.0,375.0,387.0,655.0,1096.0,810.0,108.0,4.0,1872.0,520.0,44.0,372.0,117.0,256.0,66.0,191.0,2.03,1827.0,30
125,2018/2019,Lazio,624,652.0,401.0,411.0,426.0,785.0,1078.0,822.0,88.0,7.0,2037.0,599.0,35.0,396.0,90.0,266.0,54.0,182.0,1.33,1727.0,46
126,2018/2019,Leganés,640,601.0,378.0,325.0,423.0,880.0,704.0,488.0,61.0,3.0,1883.0,893.0,25.0,230.0,121.0,216.0,36.0,128.0,1.16,1136.0,43
127,2018/2019,Leicester City,561,660.0,388.0,419.0,431.0,1013.0,893.0,620.0,85.0,7.0,2066.0,802.0,34.0,262.0,65.0,272.0,48.0,173.0,1.22,1520.0,48
128,2018/2019,Levante,560,545.0,353.0,439.0,410.0,800.0,749.0,502.0,96.0,10.0,1898.0,448.0,39.0,249.0,63.0,336.0,56.0,154.0,2.46,1273.0,66
129,2018/2019,Leverkusen,445,583.0,368.0,414.0,353.0,676.0,890.0,679.0,117.0,1.0,1948.0,534.0,51.0,353.0,77.0,229.0,68.0,188.0,1.95,1788.0,52
130,2018/2019,Lille,465,608.0,364.0,365.0,374.0,722.0,874.0,635.0,121.0,16.0,1915.0,538.0,47.0,231.0,62.0,264.0,66.0,180.0,2.63,1428.0,33
131,2018/2019,Liverpool,542,610.0,376.0,361.0,313.0,656.0,1009.0,746.0,148.0,14.0,2041.0,582.0,55.0,494.0,75.0,263.0,86.0,211.0,1.96,2008.0,22
132,2018/2019,Lyon,475,630.0,381.0,398.0,360.0,658.0,1209.0,884.0,129.0,9.0,1964.0,601.0,54.0,340.0,89.0,300.0,70.0,241.0,1.23,2073.0,47
133,2018/2019,M'Gladbach,497,461.0,271.0,368.0,298.0,604.0,792.0,586.0,95.0,9.0,1569.0,402.0,43.0,283.0,63.0,204.0,53.0,148.0,2.2800000000000002,1499.0,42
134,2018/2019,Mainz 05,598,525.0,307.0,455.0,390.0,715.0,852.0,623.0,77.0,9.0,1783.0,646.0,30.0,255.0,83.0,240.0,44.0,146.0,1.01,1259.0,57
135,2018/2019,Manchester City,521,515.0,324.0,319.0,361.0,558.0,1211.0,925.0,167.0,9.0,1948.0,529.0,70.0,554.0,62.0,296.0,91.0,252.0,1.8,2426.0,23
136,2018/2019,Manchester Utd,647,581.0,347.0,444.0,355.0,836.0,953.0,729.0,118.0,12.0,1922.0,684.0,40.0,338.0,58.0,231.0,65.0,210.0,1.9000000000000001,1668.0,54
137,2018/2019,Marseille,554,781.0,489.0,346.0,400.0,681.0,919.0,642.0,99.0,4.0,1908.0,684.0,45.0,268.0,108.0,299.0,59.0,164.0,1.9,1472.0,52
138,2018/2019,Monaco,821,664.0,409.0,330.0,381.0,800.0,810.0,563.0,63.0,4.0,1889.0,593.0,25.0,255.0,84.0,278.0,38.0,149.0,2.14,1598.0,57
139,2018/2019,Montpellier,479,710.0,399.0,385.0,447.0,670.0,851.0,608.0,81.0,7.0,1923.0,678.0,27.0,255.0,91.0,250.0,50.0,163.0,1.6600000000000001,1436.0,42
140,2018/2019,Nantes,589,758.0,474.0,379.0,432.0,797.0,896.0,623.0,70.0,5.0,2110.0,756.0,28.0,252.0,83.0,219.0,46.0,143.0,1.12,1459.0,48
141,2018/2019,Napoli,589,573.0,359.0,353.0,358.0,632.0,1263.0,1042.0,129.0,7.0,2112.0,376.0,54.0,404.0,78.0,234.0,73.0,231.0,1.84,2089.0,36
142,2018/2019,Newcastle Utd,568,709.0,433.0,472.0,506.0,1184.0,779.0,567.0,67.0,4.0,1996.0,770.0,33.0,255.0,99.0,207.0,41.0,136.0,1.63,985.0,48
143,2018/2019,Nice,544,654.0,414.0,409.0,445.0,766.0,788.0,510.0,47.0,4.0,1909.0,499.0,18.0,168.0,43.0,418.0,28.0,121.0,1.0,1527.0,35
144,2018/2019,Paris S-G,573,677.0,417.0,325.0,322.0,503.0,983.0,742.0,178.0,14.0,1947.0,382.0,72.0,456.0,53.0,287.0,103.0,206.0,3.52,2160.0,35
145,2018/2019,Parma,729,579.0,350.0,445.0,396.0,1125.0,596.0,380.0,61.0,7.0,1753.0,548.0,22.0,164.0,45.0,237.0,40.0,105.0,2.17,990.0,61
146,2018/2019,RB Leipzig,452,656.0,398.0,455.0,415.0,705.0,856.0,621.0,101.0,16.0,1932.0,736.0,41.0,323.0,70.0,243.0,63.0,172.0,1.85,1606.0,29
147,2018/2019,Rayo Vallecano,630,645.0,416.0,387.0,428.0,910.0,785.0,531.0,66.0,6.0,1945.0,517.0,23.0,222.0,79.0,311.0,40.0,144.0,1.24,1312.0,70
148,2018/2019,Real Madrid,595,625.0,395.0,374.0,372.0,593.0,1071.0,792.0,103.0,7.0,1935.0,473.0,39.0,385.0,87.0,295.0,61.0,203.0,2.37,2094.0,46
149,2018/2019,Real Sociedad,588,575.0,342.0,442.0,422.0,819.0,748.0,519.0,74.0,5.0,1968.0,682.0,27.0,252.0,89.0,266.0,44.0,133.0,1.74,1379.0,46
150,2018/2019,Reims,524,749.0,447.0,354.0,474.0,824.0,683.0,482.0,69.0,8.0,1951.0,618.0,26.0,219.0,65.0,268.0,39.0,132.0,1.31,1246.0,42
151,2018/2019,Roma,529,523.0,335.0,377.0,402.0,790.0,1081.0,763.0,112.0,8.0,1841.0,713.0,39.0,353.0,111.0,271.0,65.0,210.0,2.69,1618.0,48
152,2018/2019,SPAL,596,577.0,373.0,409.0,387.0,853.0,823.0,600.0,82.0,4.0,1712.0,560.0,30.0,241.0,124.0,216.0,44.0,129.0,1.41,1255.0,56
153,2018/2019,Saint-Étienne,575,661.0,398.0,354.0,436.0,743.0,835.0,576.0,95.0,3.0,1886.0,586.0,40.0,259.0,81.0,254.0,56.0,166.0,3.1,1541.0,41
154,2018/2019,Sampdoria,490,614.0,404.0,400.0,346.0,767.0,815.0,627.0,103.0,7.0,1891.0,435.0,41.0,338.0,73.0,188.0,60.0,163.0,1.21,1636.0,51
155,2018/2019,Sassuolo,536,527.0,327.0,384.0,374.0,815.0,880.0,676.0,79.0,2.0,1830.0,455.0,33.0,257.0,64.0,272.0,50.0,150.0,2.97,1507.0,60
156,2018/2019,Schalke 04,678,626.0,379.0,464.0,415.0,643.0,701.0,439.0,59.0,6.0,1837.0,585.0,23.0,211.0,47.0,252.0,37.0,122.0,1.6099999999999999,1146.0,55
157,2018/2019,Sevilla,628,598.0,408.0,370.0,364.0,807.0,929.0,738.0,110.0,6.0,2001.0,635.0,47.0,392.0,103.0,249.0,60.0,167.0,1.72,1802.0,47
158,2018/2019,Southampton,557,696.0,426.0,530.0,548.0,1100.0,806.0,555.0,76.0,3.0,2011.0,744.0,26.0,257.0,67.0,220.0,44.0,155.0,1.81,1326.0,65
159,2018/2019,Strasbourg,538,636.0,399.0,368.0,419.0,718.0,709.0,514.0,99.0,4.0,1893.0,614.0,43.0,234.0,92.0,228.0,57.0,144.0,2.17,1452.0,48
160,2018/2019,Stuttgart,503,556.0,354.0,412.0,387.0,856.0,707.0,511.0,58.0,4.0,1656.0,702.0,26.0,224.0,102.0,155.0,32.0,113.0,1.59,1114.0,70
161,2018/2019,Torino,518,634.0,392.0,461.0,445.0,822.0,909.0,642.0,86.0,4.0,2138.0,808.0,31.0,309.0,119.0,251.0,50.0,175.0,1.47,1404.0,37
162,2018/2019,Tottenham,584,625.0,373.0,415.0,325.0,808.0,933.0,674.0,114.0,6.0,2067.0,588.0,46.0,363.0,89.0,302.0,66.0,182.0,2.02,1744.0,39
163,2018/2019,Toulouse,529,658.0,412.0,432.0,378.0,909.0,733.0,479.0,55.0,3.0,1980.0,691.0,16.0,217.0,62.0,324.0,35.0,119.0,2.8200000000000003,1447.0,57
164,2018/2019,Udinese,695,651.0,387.0,450.0,381.0,1051.0,814.0,597.0,65.0,5.0,1797.0,676.0,30.0,234.0,77.0,227.0,37.0,119.0,2.2199999999999998,1087.0,53
165,2018/2019,Valencia,546,594.0,383.0,446.0,415.0,844.0,852.0,639.0,92.0,4.0,1983.0,586.0,38.0,325.0,89.0,246.0,50.0,157.0,1.54,1559.0,35
166,2018/2019,Valladolid,590,712.0,439.0,411.0,385.0,869.0,734.0,519.0,52.0,4.0,1919.0,583.0,19.0,193.0,73.0,182.0,31.0,125.0,1.44,1298.0,51
167,2018/2019,Villarreal,536,656.0,408.0,398.0,378.0,826.0,862.0,632.0,77.0,10.0,1837.0,598.0,34.0,294.0,67.0,254.0,47.0,169.0,2.16,1626.0,52
168,2018/2019,Watford,565,648.0,387.0,401.0,425.0,1006.0,723.0,522.0,83.0,15.0,2001.0,748.0,39.0,291.0,55.0,249.0,51.0,148.0,1.97,1288.0,59
169,2018/2019,Werder Bremen,501,546.0,344.0,425.0,403.0,803.0,829.0,634.0,102.0,14.0,1784.0,598.0,38.0,310.0,90.0,193.0,57.0,170.0,2.06,1670.0,49
170,2018/2019,Wolfsburg,461,535.0,340.0,391.0,424.0,767.0,738.0,529.0,97.0,6.0,1746.0,592.0,38.0,268.0,92.0,178.0,59.0,159.0,2.19,1305.0,50
171,2018/2019,Wolves,387,687.0,389.0,464.0,470.0,755.0,807.0,585.0,80.0,4.0,1952.0,765.0,35.0,237.0,73.0,264.0,46.0,144.0,1.34,1272.0,46
172,2019/2020,Alavés,613,565.0,335.0,377.0,379.0,725.0,529.0,326.0,58.0,4.0,1714.0,888.0,20.0,170.0,56.0,241.0,34.0,98.0,2.31,936.0,59
173,2019/2020,Amiens,618,421.0,236.0,273.0,298.0,588.0,401.0,280.0,50.0,4.0,1498.0,460.0,20.0,127.0,41.0,165.0,30.0,77.0,3.8200000000000003,1007.0,50
174,2019/2020,Angers,520,413.0,264.0,219.0,252.0,473.0,601.0,434.0,46.0,3.0,1404.0,430.0,20.0,185.0,62.0,180.0,27.0,113.0,1.86,1044.0,33
175,2019/2020,Arsenal,616,581.0,334.0,398.0,349.0,732.0,709.0,501.0,85.0,4.0,1806.0,489.0,35.0,311.0,63.0,285.0,56.0,146.0,3.13,1634.0,48
176,2019/2020,Aston Villa,573,519.0,289.0,455.0,423.0,912.0,824.0,596.0,72.0,5.0,1877.0,694.0,32.0,270.0,95.0,217.0,40.0,147.0,1.59,1245.0,67
177,2019/2020,Atalanta,546,608.0,340.0,385.0,403.0,499.0,1213.0,913.0,165.0,10.0,2014.0,606.0,68.0,436.0,97.0,264.0,96.0,256.0,2.58,1833.0,48
178,2019/2020,Athletic Club,634,533.0,324.0,338.0,372.0,745.0,683.0,464.0,65.0,3.0,1885.0,902.0,23.0,217.0,85.0,249.0,40.0,126.0,1.48,1291.0,38
179,2019/2020,Atlético Madrid,550,639.0,394.0,370.0,396.0,713.0,771.0,531.0,85.0,11.0,1884.0,810.0,34.0,278.0,43.0,191.0,50.0,136.0,1.38,1314.0,27
180,2019/2020,Augsburg,609,498.0,294.0,343.0,394.0,653.0,579.0,376.0,65.0,7.0,1597.0,509.0,27.0,164.0,52.0,236.0,45.0,129.0,2.41,774.0,63
181,2019/2020,Barcelona,563,520.0,315.0,309.0,317.0,473.0,890.0,667.0,146.0,10.0,1735.0,418.0,61.0,414.0,31.0,266.0,84.0,213.0,3.59,1977.0,38
182,2019/2020,Bayern Munich,519,496.0,290.0,289.0,341.0,364.0,1100.0,854.0,176.0,11.0,1929.0,469.0,75.0,491.0,115.0,259.0,97.0,243.0,2.2800000000000002,2286.0,32
183,2019/2020,Betis,612,499.0,298.0,334.0,300.0,664.0,832.0,606.0,75.0,6.0,1639.0,572.0,35.0,321.0,84.0,267.0,48.0,152.0,1.6,1474.0,60
184,2019/2020,Bologna,582,557.0,325.0,383.0,394.0,623.0,942.0,705.0,85.0,10.0,1800.0,617.0,31.0,281.0,59.0,259.0,48.0,160.0,1.7600000000000002,1601.0,65
185,2019/2020,Bordeaux,521,462.0,272.0,232.0,283.0,549.0,522.0,351.0,63.0,7.0,1472.0,474.0,28.0,110.0,31.0,230.0,40.0,106.0,2.29,963.0,34
186,2019/2020,Bournemouth,572,500.0,293.0,437.0,474.0,976.0,662.0,467.0,62.0,7.0,1943.0,780.0,23.0,224.0,47.0,276.0,38.0,117.0,1.4300000000000002,1252.0,65
187,2019/2020,Brest,537,482.0,281.0,261.0,348.0,523.0,571.0,441.0,59.0,1.0,1425.0,395.0,27.0,211.0,70.0,155.0,32.0,97.0,2.0,1136.0,37
188,2019/2020,Brighton,581,639.0,378.0,436.0,417.0,737.0,797.0,592.0,63.0,5.0,2042.0,680.0,24.0,292.0,61.0,248.0,35.0,139.0,2.1799999999999997,1670.0,54
189,2019/2020,Burnley,530,544.0,342.0,450.0,383.0,886.0,654.0,453.0,71.0,4.0,1817.0,917.0,30.0,216.0,99.0,208.0,41.0,124.0,1.17,890.0,50
190,2019/2020,Cagliari,686,557.0,335.0,442.0,327.0,829.0,758.0,565.0,82.0,3.0,1782.0,502.0,34.0,242.0,85.0,214.0,50.0,136.0,2.44,1275.0,56
191,2019/2020,Celta Vigo,575,573.0,347.0,336.0,384.0,767.0,649.0,468.0,67.0,8.0,1844.0,630.0,26.0,250.0,59.0,238.0,37.0,131.0,2.26,1345.0,49
192,2019/2020,Chelsea,555,635.0,359.0,361.0,458.0,621.0,1119.0,845.0,123.0,10.0,2172.0,696.0,46.0,410.0,108.0,257.0,69.0,210.0,1.7200000000000002,1895.0,54
193,2019/2020,Crystal Palace,531,673.0,382.0,385.0,421.0,785.0,627.0,413.0,52.0,4.0,1824.0,738.0,20.0,238.0,45.0,263.0,29.0,115.0,1.37,1183.0,50
194,2019/2020,Dijon,612,499.0,298.0,269.0,320.0,551.0,567.0,380.0,43.0,3.0,1435.0,521.0,17.0,172.0,50.0,227.0,26.0,100.0,1.1,881.0,37
195,2019/2020,Dortmund,542,525.0,326.0,351.0,369.0,447.0,792.0,596.0,154.0,13.0,1830.0,359.0,73.0,308.0,41.0,278.0,84.0,188.0,3.5700000000000003,1728.0,41
196,2019/2020,Düsseldorf,599,488.0,301.0,335.0,358.0,556.0,735.0,485.0,62.0,4.0,1624.0,552.0,25.0,211.0,75.0,195.0,36.0,114.0,1.08,1256.0,67
197,2019/2020,Eibar,655,561.0,333.0,331.0,427.0,685.0,696.0,442.0,61.0,5.0,2004.0,966.0,24.0,218.0,103.0,196.0,38.0,132.0,1.88,1247.0,56
198,2019/2020,Eint Frankfurt,518,536.0,337.0,351.0,328.0,459.0,833.0,567.0,98.0,6.0,1730.0,646.0,45.0,277.0,127.0,186.0,57.0,170.0,2.22,1228.0,60
199,2019/2020,Espanyol,645,605.0,350.0,363.0,348.0,672.0,674.0,457.0,43.0,2.0,1776.0,725.0,17.0,217.0,86.0,208.0,25.0,120.0,1.02,1191.0,58
200,2019/2020,Everton,511,655.0,398.0,365.0,401.0,750.0,800.0,532.0,67.0,4.0,1915.0,839.0,32.0,285.0,93.0,234.0,42.0,159.0,1.09,1419.0,56
201,2019/2020,Fiorentina,660,566.0,328.0,344.0,343.0,707.0,956.0,666.0,81.0,6.0,1872.0,450.0,30.0,298.0,81.0,241.0,48.0,170.0,1.32,1442.0,48
202,2019/2020,Freiburg,559,430.0,251.0,399.0,352.0,795.0,782.0,516.0,75.0,5.0,1582.0,631.0,27.0,224.0,93.0,203.0,46.0,138.0,1.16,1123.0,47
203,2019/2020,Genoa,799,548.0,333.0,409.0,384.0,762.0,748.0,534.0,78.0,5.0,1789.0,596.0,27.0,289.0,103.0,230.0,46.0,140.0,2.48,1280.0,73
204,2019/2020,Getafe,658,568.0,334.0,367.0,360.0,593.0,677.0,453.0,70.0,7.0,1872.0,900.0,31.0,266.0,123.0,195.0,42.0,121.0,1.48,1179.0,37
205,2019/2020,Granada,633,581.0,347.0,375.0,381.0,728.0,658.0,426.0,83.0,5.0,1682.0,744.0,34.0,176.0,69.0,253.0,50.0,118.0,2.14,1009.0,45
206,2019/2020,Hellas Verona,564,480.0,286.0,356.0,376.0,783.0,759.0,557.0,77.0,7.0,2060.0,688.0,27.0,318.0,70.0,214.0,45.0,146.0,1.59,1550.0,51
207,2019/2020,Hoffenheim,635,521.0,303.0,371.0,338.0,650.0,787.0,528.0,91.0,7.0,1539.0,545.0,36.0,254.0,75.0,212.0,52.0,154.0,3.08,1222.0,53
208,2019/2020,Inter,662,520.0,284.0,368.0,369.0,648.0,1072.0,781.0,135.0,9.0,1815.0,508.0,57.0,398.0,97.0,187.0,80.0,216.0,2.7399999999999998,1813.0,36
209,2019/2020,Juventus,681,538.0,318.0,374.0,369.0,577.0,1204.0,896.0,124.0,13.0,1751.0,426.0,47.0,336.0,70.0,254.0,73.0,224.0,2.84,1746.0,43
210,2019/2020,Lazio,585,545.0,309.0,404.0,378.0,633.0,1028.0,762.0,133.0,10.0,1871.0,447.0,45.0,393.0,103.0,217.0,77.0,204.0,1.93,1667.0,42
211,2019/2020,Leganés,674,603.0,357.0,320.0,418.0,659.0,744.0,504.0,53.0,2.0,1799.0,770.0,19.0,223.0,95.0,239.0,30.0,143.0,1.31,1163.0,51
212,2019/2020,Leicester City,534,736.0,428.0,415.0,413.0,752.0,952.0,690.0,115.0,11.0,2070.0,646.0,47.0,304.0,64.0,311.0,65.0,183.0,1.58,1585.0,41
213,2019/2020,Levante,572,502.0,286.0,317.0,326.0,738.0,737.0,540.0,79.0,6.0,1852.0,488.0,28.0,253.0,75.0,250.0,45.0,133.0,2.2,1352.0,53
214,2019/2020,Leverkusen,489,531.0,334.0,351.0,319.0,459.0,826.0,592.0,105.0,9.0,1903.0,497.0,47.0,246.0,54.0,254.0,57.0,182.0,2.0,1425.0,44
215,2019/2020,Lille,475,410.0,229.0,259.0,266.0,419.0,609.0,408.0,58.0,5.0,1471.0,466.0,25.0,177.0,50.0,213.0,35.0,121.0,1.13,1053.0,27
216,2019/2020,Liverpool,539,549.0,324.0,302.0,351.0,613.0,1037.0,793.0,146.0,10.0,2125.0,645.0,68.0,476.0,93.0,270.0,83.0,224.0,2.69,1938.0,33
217,2019/2020,Lyon,517,492.0,304.0,240.0,309.0,528.0,631.0,448.0,72.0,9.0,1449.0,446.0,29.0,202.0,56.0,237.0,42.0,130.0,1.73,1205.0,27
218,2019/2020,M'Gladbach,500,544.0,318.0,390.0,376.0,578.0,819.0,583.0,114.0,10.0,1779.0,537.0,53.0,275.0,55.0,250.0,64.0,187.0,1.83,1295.0,40
219,2019/2020,Mainz 05,509,564.0,325.0,392.0,358.0,699.0,789.0,547.0,75.0,9.0,1711.0,588.0,34.0,229.0,65.0,232.0,42.0,139.0,1.29,1136.0,65
220,2019/2020,Mallorca,605,542.0,336.0,355.0,366.0,655.0,731.0,502.0,64.0,6.0,1817.0,615.0,21.0,209.0,72.0,314.0,39.0,118.0,0.8700000000000001,1201.0,65
221,2019/2020,Manchester City,556,512.0,299.0,292.0,349.0,478.0,1350.0,1034.0,172.0,16.0,1908.0,502.0,69.0,553.0,89.0,235.0,100.0,250.0,1.8,2460.0,35
222,2019/2020,Manchester Utd,584,577.0,331.0,355.0,370.0,683.0,970.0,760.0,112.0,7.0,2024.0,539.0,43.0,338.0,50.0,298.0,65.0,201.0,1.4200000000000002,1772.0,36
223,2019/2020,Marseille,482,561.0,324.0,264.0,311.0,531.0,634.0,424.0,63.0,5.0,1432.0,466.0,28.0,175.0,47.0,193.0,38.0,115.0,1.02,1104.0,29
224,2019/2020,Metz,494,523.0,336.0,287.0,308.0,615.0,532.0,370.0,44.0,6.0,1451.0,445.0,19.0,125.0,39.0,224.0,27.0,96.0,1.0,836.0,35
225,2019/2020,Monaco,576,476.0,290.0,240.0,264.0,461.0,658.0,455.0,75.0,5.0,1406.0,381.0,29.0,230.0,52.0,192.0,44.0,135.0,1.1400000000000001,1243.0,44
226,2019/2020,Montpellier,558,441.0,282.0,218.0,305.0,504.0,607.0,411.0,57.0,2.0,1552.0,599.0,19.0,174.0,59.0,224.0,33.0,112.0,0.93,1101.0,34
227,2019/2020,Nantes,578,533.0,338.0,212.0,302.0,491.0,580.0,405.0,40.0,4.0,1576.0,450.0,16.0,151.0,38.0,237.0,23.0,112.0,1.03,1025.0,31
228,2019/2020,Napoli,610,487.0,295.0,321.0,329.0,455.0,1240.0,980.0,103.0,3.0,1896.0,378.0,45.0,414.0,86.0,225.0,60.0,225.0,2.24,2024.0,50
229,2019/2020,Newcastle Utd,614,579.0,343.0,388.0,377.0,955.0,689.0,477.0,62.0,4.0,1781.0,712.0,29.0,177.0,60.0,270.0,38.0,132.0,3.72,806.0,58
230,2019/2020,Nice,566,463.0,273.0,277.0,341.0,461.0,586.0,386.0,71.0,2.0,1392.0,263.0,30.0,163.0,40.0,258.0,41.0,125.0,2.56,1245.0,38
231,2019/2020,Osasuna,646,600.0,353.0,374.0,398.0,684.0,770.0,544.0,73.0,4.0,1987.0,855.0,26.0,267.0,94.0,209.0,46.0,142.0,2.48,1336.0,54
232,2019/2020,Paris S-G,570,476.0,289.0,253.0,253.0,295.0,790.0,602.0,124.0,12.0,1453.0,231.0,51.0,378.0,54.0,268.0,71.0,186.0,2.88,1671.0,24
233,2019/2020,Parma,582,588.0,326.0,413.0,383.0,820.0,788.0,570.0,92.0,10.0,1780.0,525.0,36.0,222.0,52.0,233.0,53.0,145.0,1.74,1181.0,57
234,2019/2020,RB Leipzig,552,612.0,360.0,397.0,363.0,592.0,976.0,721.0,137.0,17.0,1966.0,511.0,57.0,338.0,67.0,232.0,81.0,206.0,2.75,1695.0,37
235,2019/2020,Real Madrid,648,586.0,355.0,367.0,381.0,590.0,1021.0,780.0,125.0,7.0,2038.0,520.0,52.0,400.0,100.0,285.0,69.0,222.0,2.59,1972.0,25
236,2019/2020,Real Sociedad,518,515.0,298.0,331.0,313.0,664.0,733.0,541.0,88.0,4.0,1797.0,786.0,37.0,318.0,78.0,227.0,54.0,139.0,1.35,1552.0,48
237,2019/2020,Reims,474,489.0,323.0,227.0,321.0,496.0,587.0,426.0,45.0,2.0,1446.0,419.0,16.0,173.0,50.0,217.0,26.0,87.0,1.24,1034.0,21
238,2019/2020,Roma,671,490.0,302.0,346.0,396.0,625.0,1129.0,799.0,127.0,9.0,1785.0,521.0,47.0,344.0,79.0,253.0,73.0,198.0,1.9300000000000002,1647.0,51
239,2019/2020,SPAL,759,548.0,324.0,386.0,386.0,721.0,815.0,574.0,45.0,5.0,1646.0,534.0,17.0,221.0,65.0,162.0,27.0,117.0,1.2,1226.0,77
240,2019/2020,Saint-Étienne,633,508.0,317.0,263.0,370.0,461.0,512.0,346.0,51.0,2.0,1492.0,522.0,20.0,144.0,42.0,195.0,28.0,97.0,1.19,976.0,45
241,2019/2020,Sampdoria,659,532.0,323.0,371.0,359.0,699.0,870.0,610.0,74.0,3.0,1663.0,530.0,22.0,258.0,96.0,183.0,48.0,155.0,2.88,1162.0,65
242,2019/2020,Sassuolo,594,548.0,327.0,391.0,341.0,639.0,958.0,711.0,116.0,13.0,1757.0,332.0,49.0,292.0,35.0,288.0,69.0,191.0,2.23,1583.0,63
243,2019/2020,Schalke 04,568,558.0,342.0,458.0,393.0,608.0,626.0,423.0,58.0,4.0,1821.0,599.0,25.0,209.0,36.0,264.0,35.0,124.0,1.58,1164.0,58
244,2019/2020,Sevilla,592,585.0,342.0,331.0,346.0,696.0,865.0,630.0,88.0,10.0,2008.0,739.0,34.0,343.0,110.0,250.0,53.0,164.0,1.72,1819.0,34
245,2019/2020,Sheffield Utd,553,595.0,368.0,319.0,408.0,887.0,626.0,454.0,63.0,6.0,1994.0,917.0,25.0,280.0,95.0,187.0,36.0,109.0,1.3800000000000001,1331.0,39
246,2019/2020,Southampton,553,704.0,414.0,487.0,425.0,855.0,836.0,556.0,77.0,15.0,2111.0,792.0,32.0,280.0,70.0,257.0,51.0,171.0,1.4500000000000002,1334.0,60
247,2019/2020,Strasbourg,527,466.0,288.0,193.0,296.0,425.0,558.0,411.0,56.0,3.0,1399.0,500.0,21.0,189.0,68.0,167.0,32.0,105.0,1.62,969.0,32
248,2019/2020,Torino,530,545.0,302.0,404.0,478.0,809.0,774.0,533.0,71.0,5.0,1951.0,683.0,29.0,296.0,135.0,265.0,44.0,144.0,1.96,1203.0,68
249,2019/2020,Tottenham,570,656.0,410.0,437.0,378.0,884.0,773.0,584.0,94.0,13.0,1973.0,630.0,39.0,283.0,47.0,295.0,56.0,154.0,1.87,1396.0,47
250,2019/2020,Toulouse,464,535.0,334.0,248.0,311.0,563.0,540.0,372.0,39.0,2.0,1442.0,455.0,14.0,164.0,57.0,183.0,21.0,90.0,1.03,923.0,58
251,2019/2020,Udinese,514,582.0,331.0,425.0,368.0,757.0,807.0,614.0,58.0,6.0,1790.0,474.0,25.0,272.0,96.0,198.0,37.0,141.0,1.1500000000000001,1248.0,51
252,2019/2020,Union Berlin,641,546.0,321.0,395.0,418.0,772.0,656.0,421.0,66.0,3.0,1833.0,908.0,27.0,181.0,78.0,196.0,38.0,130.0,1.36,937.0,69
254,2019/2020,Valencia,593,489.0,306.0,330.0,349.0,711.0,604.0,439.0,78.0,8.0,1714.0,537.0,33.0,273.0,59.0,196.0,45.0,111.0,2.0,1354.0,53
255,2019/2020,Valladolid,681,566.0,325.0,391.0,389.0,740.0,638.0,447.0,53.0,4.0,1925.0,611.0,19.0,155.0,57.0,231.0,31.0,116.0,1.55,1106.0,43
256,2019/2020,Villarreal,557,546.0,320.0,360.0,336.0,795.0,847.0,628.0,105.0,10.0,1824.0,526.0,38.0,273.0,75.0,259.0,62.0,160.0,2.68,1460.0,49
257,2019/2020,Watford,659,649.0,365.0,393.0,419.0,863.0,725.0,498.0,58.0,3.0,1982.0,822.0,21.0,252.0,69.0,251.0,35.0,112.0,0.91,1162.0,64
258,2019/2020,Werder Bremen,690,548.0,344.0,367.0,417.0,764.0,750.0,532.0,69.0,6.0,1671.0,556.0,30.0,237.0,67.0,210.0,40.0,133.0,1.22,1309.0,69
259,2019/2020,Wolfsburg,545,598.0,363.0,378.0,377.0,636.0,804.0,533.0,80.0,9.0,1937.0,638.0,33.0,238.0,67.0,259.0,48.0,153.0,2.15,1246.0,46
260,2019/2020,Wolves,391,605.0,341.0,348.0,401.0,563.0,775.0,515.0,82.0,9.0,1808.0,717.0,34.0,214.0,82.0,307.0,49.0,142.0,1.34,1257.0,40
261,2020/2021,Alavés,611,488.0,287.0,340.0,424.0,746.0,584.0,368.0,59.0,3.0,1693.0,821.0,21.0,189.0,82.0,213.0,35.0,95.0,1.6900000000000002,932.0,57
262,2020/2021,Angers,603,619.0,372.0,328.0,438.0,617.0,703.0,522.0,66.0,2.0,2031.0,469.0,23.0,219.0,62.0,356.0,40.0,135.0,1.46,1423.0,58
263,2020/2021,Arminia,587,534.0,317.0,381.0,407.0,705.0,529.0,347.0,35.0,4.0,1617.0,729.0,14.0,159.0,48.0,196.0,23.0,100.0,1.62,865.0,52
264,2020/2021,Arsenal,588,454.0,251.0,366.0,350.0,628.0,811.0,621.0,95.0,8.0,1792.0,489.0,38.0,324.0,67.0,239.0,53.0,140.0,1.7,1749.0,39
265,2020/2021,Aston Villa,507,526.0,278.0,437.0,385.0,773.0,935.0,665.0,93.0,4.0,1875.0,717.0,38.0,322.0,76.0,223.0,52.0,178.0,1.3900000000000001,1419.0,46
266,2020/2021,Atalanta,600,595.0,334.0,414.0,508.0,457.0,1104.0,856.0,161.0,10.0,2365.0,609.0,65.0,488.0,85.0,307.0,90.0,221.0,2.48,2057.0,47
267,2020/2021,Athletic Club,640,461.0,269.0,341.0,344.0,677.0,716.0,534.0,73.0,3.0,1800.0,651.0,31.0,283.0,79.0,197.0,43.0,128.0,1.62,1494.0,42
268,2020/2021,Atlético Madrid,580,604.0,355.0,355.0,378.0,650.0,784.0,575.0,116.0,12.0,1879.0,508.0,53.0,363.0,51.0,213.0,65.0,178.0,1.92,1579.0,25
269,2020/2021,Augsburg,509,505.0,306.0,392.0,443.0,834.0,553.0,367.0,55.0,4.0,1737.0,541.0,22.0,180.0,55.0,189.0,35.0,108.0,1.4300000000000002,977.0,54
270,2020/2021,Barcelona,595,499.0,293.0,325.0,361.0,426.0,1063.0,833.0,136.0,12.0,1930.0,395.0,51.0,517.0,52.0,257.0,80.0,231.0,3.51,2156.0,38
271,2020/2021,Bayern Munich,575,506.0,314.0,387.0,393.0,383.0,1028.0,813.0,170.0,13.0,1952.0,419.0,74.0,458.0,110.0,252.0,98.0,219.0,2.29,2058.0,44
272,2020/2021,Betis,593,545.0,307.0,358.0,447.0,658.0,786.0,567.0,90.0,6.0,1855.0,597.0,35.0,297.0,79.0,217.0,50.0,145.0,2.39,1426.0,50
273,2020/2021,Bologna,599,527.0,302.0,441.0,414.0,700.0,849.0,616.0,81.0,1.0,1905.0,547.0,36.0,260.0,60.0,281.0,49.0,175.0,3.1100000000000003,1480.0,65
274,2020/2021,Bordeaux,628,566.0,328.0,380.0,500.0,657.0,735.0,475.0,75.0,6.0,1911.0,564.0,32.0,185.0,57.0,287.0,41.0,137.0,2.33,1296.0,56
275,2020/2021,Brest,542,603.0,349.0,352.0,458.0,664.0,779.0,552.0,83.0,3.0,1860.0,679.0,31.0,299.0,122.0,227.0,48.0,155.0,1.47,1412.0,66
276,2020/2021,Brighton,548,625.0,333.0,415.0,424.0,588.0,840.0,622.0,62.0,1.0,1992.0,520.0,23.0,358.0,80.0,222.0,39.0,134.0,1.27,1514.0,46
277,2020/2021,Burnley,561,506.0,292.0,439.0,414.0,795.0,651.0,460.0,52.0,4.0,1954.0,867.0,20.0,290.0,80.0,168.0,32.0,124.0,1.05,1011.0,55
278,2020/2021,Cagliari,620,556.0,319.0,387.0,372.0,732.0,713.0,511.0,74.0,4.0,1761.0,611.0,29.0,273.0,91.0,261.0,43.0,122.0,1.4200000000000002,1191.0,59
279,2020/2021,Celta Vigo,594,658.0,367.0,396.0,402.0,725.0,618.0,456.0,98.0,5.0,1938.0,603.0,39.0,247.0,48.0,189.0,55.0,133.0,2.4,1306.0,57
280,2020/2021,Chelsea,529,607.0,337.0,419.0,378.0,638.0,1012.0,785.0,95.0,4.0,1931.0,561.0,38.0,376.0,69.0,293.0,56.0,193.0,1.56,1796.0,36
281,2020/2021,Crystal Palace,590,634.0,365.0,447.0,395.0,763.0,616.0,432.0,70.0,6.0,1894.0,676.0,29.0,232.0,54.0,280.0,39.0,127.0,2.2399999999999998,1132.0,66
282,2020/2021,Dijon,633,581.0,355.0,343.0,449.0,677.0,577.0,390.0,39.0,3.0,1928.0,512.0,15.0,182.0,56.0,278.0,25.0,87.0,1.4100000000000001,1171.0,73
283,2020/2021,Dortmund,573,515.0,317.0,379.0,413.0,460.0,878.0,654.0,130.0,11.0,1979.0,431.0,57.0,400.0,45.0,229.0,74.0,184.0,2.8800000000000003,1744.0,46
284,2020/2021,Eibar,729,512.0,307.0,360.0,433.0,591.0,758.0,503.0,48.0,6.0,2165.0,907.0,20.0,254.0,118.0,199.0,29.0,127.0,0.91,1292.0,52
285,2020/2021,Eint Frankfurt,605,593.0,352.0,370.0,423.0,582.0,804.0,593.0,114.0,5.0,2014.0,597.0,52.0,301.0,103.0,237.0,63.0,162.0,2.68,1548.0,53
286,2020/2021,Elche,553,510.0,314.0,336.0,367.0,635.0,429.0,294.0,53.0,3.0,1648.0,463.0,25.0,136.0,71.0,243.0,33.0,86.0,1.6400000000000001,863.0,55
287,2020/2021,Everton,513,633.0,376.0,454.0,387.0,820.0,698.0,505.0,77.0,2.0,1986.0,653.0,32.0,253.0,59.0,224.0,45.0,143.0,1.36,1179.0,48
288,2020/2021,Fiorentina,606,486.0,261.0,352.0,379.0,582.0,647.0,466.0,75.0,4.0,1749.0,527.0,30.0,245.0,93.0,250.0,44.0,115.0,1.32,1342.0,59
289,2020/2021,Freiburg,505,430.0,246.0,363.0,448.0,619.0,654.0,464.0,79.0,3.0,1650.0,582.0,34.0,221.0,85.0,193.0,51.0,140.0,1.8900000000000001,1169.0,52
290,2020/2021,Genoa,740,550.0,307.0,434.0,517.0,768.0,578.0,434.0,70.0,5.0,1936.0,494.0,31.0,226.0,74.0,244.0,46.0,120.0,1.67,1157.0,58
291,2020/2021,Getafe,582,568.0,346.0,356.0,383.0,599.0,590.0,394.0,36.0,6.0,1858.0,826.0,13.0,214.0,100.0,207.0,27.0,97.0,0.86,1051.0,43
292,2020/2021,Granada,657,494.0,276.0,387.0,385.0,728.0,584.0,380.0,69.0,5.0,1717.0,663.0,30.0,173.0,58.0,204.0,47.0,121.0,2.52,971.0,65
293,2020/2021,Hellas Verona,665,460.0,266.0,369.0,492.0,740.0,676.0,481.0,70.0,6.0,2121.0,733.0,30.0,288.0,67.0,187.0,38.0,118.0,1.31,1475.0,48
294,2020/2021,Hoffenheim,613,508.0,296.0,370.0,429.0,605.0,760.0,577.0,91.0,9.0,1808.0,508.0,38.0,313.0,101.0,271.0,51.0,149.0,2.6,1515.0,54
295,2020/2021,Inter,610,505.0,286.0,383.0,371.0,575.0,980.0,749.0,149.0,8.0,1777.0,432.0,62.0,394.0,96.0,193.0,84.0,194.0,2.85,1707.0,35
296,2020/2021,Juventus,545,565.0,323.0,387.0,455.0,571.0,1048.0,766.0,131.0,13.0,1863.0,418.0,58.0,356.0,89.0,233.0,76.0,206.0,1.79,1762.0,38
297,2020/2021,Lazio,587,589.0,343.0,397.0,439.0,628.0,930.0,726.0,102.0,8.0,2071.0,529.0,40.0,395.0,115.0,250.0,59.0,175.0,1.01,1672.0,55
298,2020/2021,Leeds United,471,730.0,411.0,402.0,387.0,625.0,906.0,686.0,106.0,8.0,2099.0,521.0,45.0,348.0,68.0,245.0,60.0,193.0,1.44,1620.0,54
299,2020/2021,Leicester City,602,681.0,403.0,386.0,438.0,674.0,859.0,631.0,114.0,8.0,2085.0,590.0,45.0,283.0,57.0,286.0,64.0,170.0,2.24,1460.0,50
300,2020/2021,Lens,517,595.0,353.0,371.0,505.0,671.0,783.0,561.0,93.0,8.0,1960.0,630.0,35.0,264.0,90.0,273.0,53.0,133.0,2.07,1564.0,54
301,2020/2021,Levante,626,506.0,278.0,333.0,427.0,658.0,667.0,515.0,80.0,5.0,1943.0,449.0,35.0,305.0,83.0,247.0,45.0,125.0,1.46,1533.0,57
302,2020/2021,Leverkusen,598,498.0,281.0,368.0,320.0,464.0,776.0,576.0,92.0,11.0,1938.0,436.0,41.0,263.0,75.0,284.0,52.0,164.0,2.21,1515.0,39
303,2020/2021,Lille,487,653.0,370.0,339.0,424.0,583.0,840.0,635.0,106.0,6.0,2154.0,562.0,39.0,248.0,58.0,297.0,62.0,178.0,1.6400000000000001,1656.0,23
304,2020/2021,Liverpool,615,523.0,301.0,335.0,343.0,529.0,1065.0,815.0,110.0,4.0,2162.0,515.0,43.0,524.0,82.0,288.0,65.0,204.0,2.67,2019.0,42
305,2020/2021,Lorient,580,719.0,423.0,419.0,526.0,648.0,718.0,494.0,80.0,5.0,2015.0,500.0,26.0,189.0,55.0,270.0,49.0,130.0,1.67,1161.0,68
306,2020/2021,Lyon,520,574.0,341.0,362.0,395.0,563.0,1065.0,767.0,130.0,10.0,2063.0,514.0,46.0,424.0,76.0,334.0,76.0,222.0,1.55,1955.0,43
307,2020/2021,M'Gladbach,467,493.0,302.0,414.0,427.0,597.0,773.0,550.0,109.0,3.0,1833.0,501.0,44.0,244.0,41.0,212.0,63.0,165.0,1.8900000000000001,1356.0,56
308,2020/2021,Mainz 05,610,586.0,359.0,412.0,490.0,654.0,621.0,434.0,64.0,2.0,1889.0,603.0,23.0,213.0,71.0,218.0,39.0,134.0,2.04,1027.0,56
309,2020/2021,Manchester City,532,495.0,270.0,310.0,319.0,442.0,1061.0,796.0,140.0,17.0,1897.0,473.0,54.0,410.0,41.0,298.0,82.0,211.0,2.5700000000000003,2050.0,32
310,2020/2021,Manchester Utd,537,537.0,303.0,411.0,383.0,605.0,950.0,718.0,125.0,8.0,2052.0,528.0,51.0,377.0,54.0,289.0,70.0,196.0,2.86,1818.0,44
311,2020/2021,Marseille,621,644.0,384.0,359.0,432.0,692.0,660.0,476.0,96.0,3.0,1821.0,540.0,45.0,224.0,52.0,259.0,53.0,128.0,3.05,1470.0,47
312,2020/2021,Metz,565,682.0,415.0,393.0,566.0,724.0,749.0,521.0,71.0,6.0,2044.0,582.0,28.0,190.0,70.0,293.0,42.0,127.0,1.96,1208.0,48
313,2020/2021,Monaco,599,733.0,432.0,355.0,434.0,489.0,851.0,599.0,129.0,7.0,2111.0,600.0,52.0,363.0,80.0,262.0,76.0,160.0,2.74,1746.0,42
314,2020/2021,Montpellier,541,525.0,331.0,368.0,417.0,686.0,783.0,515.0,104.0,9.0,1814.0,646.0,42.0,250.0,121.0,287.0,60.0,168.0,2.85,1309.0,62
315,2020/2021,Nantes,537,691.0,383.0,386.0,463.0,691.0,698.0,475.0,78.0,10.0,2001.0,657.0,28.0,175.0,49.0,299.0,47.0,120.0,1.73,1347.0,55
316,2020/2021,Napoli,539,571.0,343.0,379.0,366.0,520.0,1109.0,825.0,141.0,18.0,1849.0,399.0,55.0,361.0,69.0,240.0,83.0,217.0,1.84,1695.0,41
317,2020/2021,Newcastle Utd,607,509.0,266.0,416.0,355.0,886.0,680.0,447.0,74.0,6.0,1717.0,610.0,26.0,206.0,82.0,237.0,44.0,130.0,2.06,897.0,62
318,2020/2021,Nice,556,596.0,361.0,351.0,432.0,637.0,700.0,484.0,78.0,5.0,1925.0,378.0,26.0,229.0,59.0,298.0,49.0,138.0,2.47,1524.0,53
319,2020/2021,Osasuna,633,513.0,274.0,346.0,384.0,723.0,606.0,436.0,61.0,0.0,1994.0,980.0,25.0,256.0,99.0,194.0,36.0,114.0,1.46,1206.0,48
320,2020/2021,Paris S-G,632,604.0,382.0,323.0,372.0,431.0,975.0,714.0,135.0,10.0,1982.0,349.0,52.0,422.0,74.0,355.0,84.0,200.0,2.37,2077.0,28
321,2020/2021,Parma,748,556.0,299.0,388.0,430.0,743.0,675.0,482.0,70.0,6.0,1713.0,617.0,26.0,233.0,88.0,222.0,39.0,123.0,1.6800000000000002,1283.0,83
322,2020/2021,RB Leipzig,495,458.0,304.0,334.0,350.0,497.0,968.0,726.0,104.0,8.0,1983.0,618.0,44.0,366.0,81.0,208.0,59.0,189.0,1.8900000000000001,1715.0,32
323,2020/2021,Real Madrid,664,526.0,317.0,338.0,391.0,517.0,968.0,735.0,113.0,8.0,1821.0,425.0,52.0,396.0,76.0,210.0,64.0,167.0,2.41,1895.0,28
324,2020/2021,Real Sociedad,582,539.0,318.0,349.0,304.0,536.0,735.0,520.0,98.0,2.0,1853.0,641.0,39.0,339.0,64.0,218.0,58.0,139.0,1.96,1514.0,38
325,2020/2021,Reims,539,631.0,358.0,319.0,469.0,712.0,602.0,456.0,63.0,6.0,1828.0,469.0,23.0,205.0,57.0,296.0,39.0,122.0,1.99,1177.0,50
326,2020/2021,Roma,570,465.0,267.0,351.0,481.0,497.0,896.0,649.0,115.0,10.0,1808.0,417.0,50.0,318.0,68.0,263.0,67.0,191.0,2.0700000000000003,1542.0,55
327,2020/2021,Saint-Étienne,674,702.0,417.0,365.0,461.0,644.0,755.0,481.0,65.0,7.0,2032.0,590.0,28.0,222.0,82.0,366.0,40.0,140.0,1.73,1214.0,54
328,2020/2021,Sampdoria,611,546.0,308.0,451.0,428.0,696.0,701.0,491.0,83.0,7.0,1929.0,605.0,35.0,263.0,74.0,191.0,52.0,134.0,2.27,1335.0,54
329,2020/2021,Sassuolo,552,524.0,307.0,381.0,423.0,602.0,947.0,701.0,108.0,7.0,1794.0,390.0,36.0,352.0,46.0,290.0,61.0,164.0,1.58,1738.0,56
330,2020/2021,Schalke 04,774,503.0,313.0,417.0,394.0,641.0,498.0,320.0,41.0,3.0,1639.0,490.0,20.0,168.0,35.0,270.0,24.0,81.0,2.64,892.0,86
331,2020/2021,Sevilla,657,491.0,296.0,310.0,362.0,636.0,830.0,635.0,87.0,8.0,1937.0,614.0,36.0,346.0,122.0,207.0,52.0,135.0,3.06,1627.0,33
332,2020/2021,Sheffield Utd,547,624.0,349.0,427.0,337.0,784.0,558.0,428.0,27.0,2.0,1732.0,692.0,13.0,251.0,65.0,206.0,19.0,92.0,1.13,1185.0,63
333,2020/2021,Southampton,525,715.0,415.0,438.0,401.0,658.0,721.0,507.0,83.0,6.0,1954.0,519.0,33.0,256.0,34.0,257.0,47.0,157.0,1.26,1190.0,68
334,2020/2021,Spezia,716,548.0,310.0,358.0,387.0,521.0,652.0,477.0,84.0,3.0,1904.0,523.0,36.0,248.0,66.0,203.0,52.0,130.0,2.81,1361.0,72
335,2020/2021,Strasbourg,574,632.0,395.0,303.0,519.0,633.0,688.0,463.0,75.0,4.0,2014.0,690.0,26.0,252.0,98.0,209.0,49.0,129.0,1.5,1301.0,58
336,2020/2021,Stuttgart,520,492.0,290.0,375.0,423.0,635.0,793.0,569.0,92.0,6.0,1972.0,530.0,42.0,263.0,52.0,254.0,54.0,150.0,1.49,1429.0,55
337,2020/2021,Torino,635,528.0,305.0,412.0,444.0,719.0,789.0,500.0,80.0,5.0,1913.0,590.0,28.0,235.0,96.0,245.0,49.0,144.0,2.37,1138.0,69
338,2020/2021,Tottenham,566,636.0,361.0,434.0,342.0,785.0,784.0,552.0,119.0,13.0,1923.0,613.0,50.0,257.0,54.0,312.0,66.0,167.0,1.71,1330.0,45
339,2020/2021,Udinese,633,495.0,290.0,419.0,434.0,670.0,697.0,501.0,67.0,9.0,1786.0,480.0,30.0,268.0,69.0,232.0,40.0,125.0,2.36,1384.0,58
340,2020/2021,Union Berlin,596,502.0,282.0,366.0,405.0,595.0,679.0,473.0,86.0,2.0,1906.0,572.0,39.0,193.0,87.0,182.0,50.0,132.0,1.9,1058.0,60
342,2020/2021,Valencia,580,458.0,273.0,370.0,388.0,757.0,682.0,479.0,85.0,5.0,1775.0,591.0,35.0,239.0,62.0,210.0,48.0,129.0,2.47,1174.0,53
343,2020/2021,Valladolid,664,555.0,318.0,373.0,421.0,792.0,644.0,465.0,55.0,3.0,1868.0,616.0,20.0,213.0,90.0,214.0,34.0,110.0,1.69,1090.0,57
344,2020/2021,Villarreal,682,539.0,313.0,358.0,371.0,625.0,737.0,573.0,98.0,12.0,1837.0,482.0,33.0,358.0,81.0,255.0,57.0,146.0,1.99,1628.0,44
345,2020/2021,Werder Bremen,512,526.0,322.0,353.0,383.0,715.0,608.0,438.0,60.0,2.0,1595.0,571.0,25.0,187.0,81.0,178.0,35.0,120.0,1.67,1004.0,57
346,2020/2021,West Brom,661,567.0,319.0,448.0,429.0,839.0,559.0,400.0,51.0,1.0,1894.0,692.0,19.0,194.0,58.0,241.0,33.0,106.0,1.23,1017.0,47
347,2020/2021,Wolfsburg,523,593.0,363.0,464.0,475.0,690.0,807.0,589.0,99.0,6.0,2025.0,555.0,48.0,281.0,70.0,185.0,57.0,164.0,1.53,1395.0,37
348,2020/2021,Wolves,534,579.0,329.0,356.0,428.0,720.0,817.0,568.0,63.0,7.0,1858.0,565.0,21.0,210.0,82.0,309.0,34.0,149.0,1.1400000000000001,1281.0,52
349,2021/2022,Alavés,610,532.0,312.0,361.0,370.0,845.0,610.0,377.0,47.0,4.0,1844.0,860.0,20.0,191.0,80.0,228.0,29.0,111.0,1.2,964.0,65
350,2021/2022,Angers,576,614.0,368.0,384.0,420.0,605.0,667.0,436.0,71.0,6.0,2015.0,392.0,25.0,186.0,56.0,437.0,41.0,123.0,1.21,1347.0,55
351,2021/2022,Arminia,535,547.0,311.0,393.0,417.0,760.0,569.0,395.0,42.0,1.0,1837.0,655.0,18.0,188.0,54.0,280.0,26.0,109.0,1.48,882.0,53
352,2021/2022,Arsenal,582,537.0,309.0,386.0,292.0,630.0,1028.0,788.0,99.0,4.0,1817.0,454.0,41.0,329.0,74.0,271.0,60.0,186.0,1.6500000000000001,1654.0,48
353,2021/2022,Aston Villa,595,601.0,362.0,439.0,327.0,670.0,819.0,596.0,91.0,9.0,1734.0,519.0,42.0,292.0,70.0,252.0,50.0,159.0,2.12,1276.0,54
354,2021/2022,Atalanta,640,627.0,339.0,436.0,440.0,464.0,1074.0,773.0,109.0,8.0,2257.0,673.0,48.0,424.0,81.0,305.0,62.0,167.0,2.19,1854.0,48
355,2021/2022,Athletic Club,599,508.0,292.0,411.0,338.0,781.0,813.0,574.0,72.0,1.0,2048.0,578.0,34.0,304.0,82.0,232.0,40.0,150.0,1.61,1572.0,36
356,2021/2022,Atlético Madrid,603,633.0,345.0,372.0,362.0,643.0,826.0,592.0,110.0,5.0,1994.0,553.0,45.0,324.0,66.0,216.0,63.0,152.0,2.16,1460.0,43
357,2021/2022,Augsburg,606,552.0,333.0,393.0,352.0,737.0,597.0,425.0,58.0,2.0,1864.0,536.0,26.0,218.0,85.0,249.0,39.0,117.0,1.74,888.0,56
358,2021/2022,Barcelona,766,581.0,325.0,344.0,322.0,447.0,932.0,721.0,123.0,7.0,2000.0,446.0,52.0,388.0,99.0,271.0,68.0,177.0,3.55,2068.0,38
359,2021/2022,Bayern Munich,563,558.0,334.0,337.0,349.0,396.0,1156.0,861.0,159.0,9.0,2111.0,416.0,70.0,496.0,71.0,338.0,92.0,255.0,2.0700000000000003,2150.0,37
360,2021/2022,Betis,709,658.0,391.0,386.0,360.0,758.0,896.0,666.0,94.0,10.0,1852.0,496.0,45.0,290.0,50.0,283.0,60.0,182.0,2.0700000000000003,1516.0,40
361,2021/2022,Bochum,671,565.0,353.0,420.0,428.0,602.0,637.0,432.0,58.0,4.0,2023.0,599.0,21.0,174.0,66.0,216.0,37.0,136.0,1.87,920.0,52
362,2021/2022,Bologna,625,521.0,291.0,375.0,364.0,647.0,774.0,597.0,76.0,2.0,1910.0,466.0,34.0,297.0,88.0,269.0,43.0,143.0,1.65,1267.0,55
363,2021/2022,Bordeaux,703,620.0,364.0,338.0,441.0,623.0,748.0,523.0,90.0,9.0,1982.0,461.0,38.0,218.0,59.0,301.0,50.0,145.0,2.12,1227.0,91
364,2021/2022,Brentford,566,603.0,341.0,382.0,392.0,845.0,731.0,480.0,77.0,4.0,2008.0,705.0,32.0,261.0,81.0,214.0,46.0,141.0,2.18,1182.0,56
365,2021/2022,Brest,538,675.0,395.0,365.0,466.0,678.0,691.0,483.0,76.0,7.0,1960.0,610.0,31.0,252.0,88.0,325.0,48.0,138.0,1.37,1339.0,57
366,2021/2022,Brighton,555,665.0,401.0,477.0,358.0,712.0,865.0,625.0,72.0,4.0,2088.0,550.0,30.0,341.0,72.0,239.0,40.0,141.0,1.39,1545.0,44
367,2021/2022,Burnley,603,590.0,324.0,509.0,407.0,857.0,663.0,450.0,60.0,5.0,1974.0,808.0,26.0,237.0,84.0,221.0,32.0,119.0,1.52,972.0,53
368,2021/2022,Cagliari,684,544.0,293.0,399.0,392.0,721.0,738.0,520.0,60.0,2.0,1931.0,690.0,26.0,225.0,92.0,224.0,34.0,117.0,1.1600000000000001,1077.0,68
369,2021/2022,Celta Vigo,610,696.0,409.0,423.0,376.0,634.0,701.0,540.0,70.0,3.0,2143.0,603.0,29.0,285.0,84.0,244.0,43.0,135.0,1.01,1447.0,43
370,2021/2022,Chelsea,595,620.0,348.0,408.0,347.0,624.0,1063.0,817.0,135.0,8.0,2039.0,526.0,52.0,437.0,66.0,260.0,75.0,200.0,2.31,1967.0,33
371,2021/2022,Clermont Foot,627,622.0,361.0,372.0,385.0,511.0,768.0,550.0,64.0,5.0,2086.0,430.0,25.0,263.0,102.0,272.0,36.0,134.0,1.3,1369.0,69
372,2021/2022,Crystal Palace,505,635.0,373.0,448.0,330.0,750.0,706.0,497.0,81.0,7.0,2061.0,601.0,31.0,270.0,75.0,302.0,50.0,140.0,1.45,1225.0,46
373,2021/2022,Dortmund,570,523.0,312.0,339.0,329.0,465.0,788.0,564.0,140.0,12.0,1896.0,405.0,57.0,299.0,47.0,281.0,81.0,165.0,4.02,1434.0,52
374,2021/2022,Eint Frankfurt,579,568.0,318.0,411.0,354.0,539.0,742.0,509.0,74.0,4.0,2056.0,525.0,33.0,219.0,78.0,256.0,43.0,136.0,1.6500000000000001,1192.0,49
375,2021/2022,Elche,706,586.0,323.0,366.0,304.0,740.0,585.0,423.0,68.0,7.0,1908.0,513.0,29.0,204.0,78.0,258.0,39.0,106.0,2.1,1100.0,52
376,2021/2022,Espanyol,565,544.0,329.0,355.0,319.0,853.0,706.0,509.0,65.0,4.0,1666.0,430.0,24.0,208.0,57.0,241.0,39.0,128.0,1.8800000000000001,1199.0,53
377,2021/2022,Everton,629,700.0,398.0,491.0,363.0,796.0,728.0,523.0,66.0,4.0,1990.0,616.0,29.0,252.0,77.0,292.0,42.0,130.0,2.06,1099.0,66
378,2021/2022,Fiorentina,586,499.0,295.0,349.0,237.0,377.0,897.0,646.0,98.0,4.0,1806.0,442.0,32.0,337.0,99.0,237.0,59.0,172.0,2.09,1568.0,51
379,2021/2022,Freiburg,434,492.0,285.0,331.0,331.0,693.0,751.0,505.0,88.0,2.0,1764.0,641.0,37.0,285.0,71.0,188.0,55.0,153.0,1.92,1180.0,46
380,2021/2022,Genoa,870,736.0,414.0,487.0,449.0,728.0,680.0,460.0,48.0,5.0,2192.0,627.0,19.0,211.0,74.0,277.0,26.0,106.0,0.9500000000000001,1095.0,60
381,2021/2022,Getafe,711,583.0,359.0,398.0,399.0,690.0,694.0,460.0,53.0,3.0,1867.0,703.0,26.0,164.0,71.0,209.0,31.0,111.0,1.04,913.0,41
382,2021/2022,Granada,701,606.0,340.0,434.0,322.0,819.0,694.0,483.0,67.0,3.0,1802.0,594.0,28.0,203.0,81.0,225.0,43.0,131.0,1.76,1042.0,61
383,2021/2022,Hellas Verona,621,533.0,308.0,413.0,388.0,755.0,792.0,604.0,106.0,5.0,2370.0,674.0,44.0,348.0,70.0,275.0,63.0,152.0,2.26,1584.0,59
384,2021/2022,Hoffenheim,643,483.0,291.0,388.0,284.0,499.0,781.0,581.0,100.0,5.0,1815.0,476.0,42.0,343.0,112.0,274.0,55.0,150.0,2.54,1469.0,60
385,2021/2022,Inter,625,585.0,332.0,358.0,332.0,479.0,1176.0,877.0,149.0,4.0,1965.0,544.0,57.0,450.0,128.0,216.0,83.0,239.0,2.13,1774.0,32
386,2021/2022,Juventus,662,554.0,315.0,392.0,330.0,666.0,906.0,667.0,99.0,9.0,1965.0,540.0,37.0,304.0,78.0,269.0,56.0,166.0,1.75,1458.0,37
387,2021/2022,Lazio,612,577.0,339.0,414.0,314.0,557.0,793.0,606.0,126.0,12.0,1906.0,400.0,47.0,308.0,53.0,274.0,74.0,185.0,2.27,1526.0,58
388,2021/2022,Leeds United,561,777.0,430.0,469.0,390.0,583.0,817.0,582.0,66.0,10.0,2219.0,452.0,26.0,270.0,52.0,314.0,42.0,142.0,1.23,1474.0,79
389,2021/2022,Leicester City,580,682.0,379.0,460.0,365.0,754.0,736.0,557.0,102.0,4.0,1955.0,520.0,45.0,252.0,57.0,250.0,62.0,164.0,2.3400000000000003,1335.0,59
390,2021/2022,Lens,523,586.0,357.0,357.0,454.0,596.0,895.0,678.0,105.0,6.0,1991.0,418.0,39.0,280.0,69.0,247.0,60.0,183.0,1.94,1688.0,48
391,2021/2022,Levante,686,544.0,296.0,321.0,361.0,686.0,699.0,470.0,78.0,5.0,1939.0,430.0,33.0,246.0,60.0,335.0,51.0,146.0,2.88,1304.0,76
392,2021/2022,Leverkusen,499,472.0,273.0,348.0,356.0,608.0,797.0,591.0,134.0,14.0,1929.0,430.0,58.0,293.0,58.0,304.0,76.0,184.0,2.57,1334.0,47
393,2021/2022,Lille,516,650.0,357.0,349.0,374.0,646.0,805.0,587.0,81.0,7.0,2100.0,513.0,29.0,265.0,60.0,305.0,45.0,150.0,2.0100000000000002,1480.0,48
394,2021/2022,Liverpool,596,550.0,318.0,358.0,337.0,494.0,1244.0,908.0,160.0,8.0,2176.0,553.0,69.0,510.0,92.0,291.0,94.0,237.0,2.4,2238.0,26
395,2021/2022,Lorient,576,690.0,410.0,400.0,408.0,752.0,756.0,529.0,60.0,8.0,2010.0,422.0,20.0,215.0,76.0,290.0,35.0,146.0,1.4500000000000002,1252.0,63
396,2021/2022,Lyon,664,629.0,366.0,385.0,391.0,607.0,980.0,741.0,111.0,5.0,2081.0,466.0,45.0,345.0,65.0,325.0,64.0,192.0,2.01,1755.0,51
397,2021/2022,M'Gladbach,548,526.0,318.0,384.0,308.0,493.0,844.0,622.0,87.0,4.0,1682.0,429.0,37.0,243.0,44.0,245.0,54.0,174.0,1.3,1243.0,61
398,2021/2022,Mainz 05,554,574.0,301.0,399.0,431.0,549.0,755.0,522.0,81.0,3.0,2009.0,587.0,36.0,254.0,72.0,236.0,49.0,151.0,2.24,1168.0,45
399,2021/2022,Mallorca,684,598.0,328.0,369.0,337.0,791.0,747.0,485.0,59.0,4.0,1939.0,635.0,23.0,233.0,64.0,242.0,33.0,131.0,2.5300000000000002,1108.0,63
400,2021/2022,Manchester City,517,493.0,280.0,267.0,279.0,389.0,1278.0,990.0,157.0,6.0,1916.0,472.0,63.0,533.0,73.0,315.0,96.0,237.0,2.34,2408.0,26
401,2021/2022,Manchester Utd,623,575.0,349.0,396.0,334.0,674.0,912.0,702.0,104.0,6.0,2021.0,539.0,46.0,312.0,65.0,262.0,56.0,179.0,2.3,1561.0,57
402,2021/2022,Marseille,492,543.0,308.0,257.0,325.0,411.0,884.0,647.0,107.0,5.0,1763.0,353.0,38.0,329.0,58.0,261.0,61.0,157.0,1.58,1842.0,38
403,2021/2022,Metz,748,707.0,439.0,444.0,501.0,752.0,629.0,445.0,55.0,3.0,2040.0,507.0,24.0,124.0,48.0,272.0,33.0,112.0,2.21,1006.0,69
404,2021/2022,Monaco,528,744.0,435.0,378.0,423.0,476.0,774.0,569.0,107.0,4.0,2225.0,542.0,45.0,390.0,81.0,285.0,62.0,153.0,1.83,1857.0,40
405,2021/2022,Montpellier,546,620.0,377.0,362.0,356.0,655.0,731.0,511.0,82.0,6.0,1947.0,423.0,31.0,236.0,70.0,271.0,48.0,151.0,1.74,1278.0,61
406,2021/2022,Nantes,534,662.0,386.0,402.0,397.0,622.0,710.0,488.0,88.0,7.0,1935.0,559.0,37.0,201.0,76.0,340.0,53.0,145.0,1.7,1286.0,48
407,2021/2022,Napoli,546,537.0,317.0,366.0,285.0,470.0,1007.0,766.0,125.0,3.0,1892.0,373.0,46.0,361.0,56.0,233.0,74.0,186.0,2.9899999999999998,1633.0,31
408,2021/2022,Newcastle Utd,654,643.0,373.0,412.0,354.0,750.0,752.0,500.0,68.0,5.0,1791.0,665.0,23.0,193.0,55.0,270.0,41.0,142.0,3.58,911.0,62
409,2021/2022,Nice,538,594.0,359.0,387.0,424.0,566.0,780.0,568.0,92.0,5.0,1989.0,500.0,35.0,258.0,102.0,306.0,52.0,144.0,1.7000000000000002,1442.0,36
410,2021/2022,Osasuna,653,570.0,325.0,339.0,367.0,736.0,713.0,498.0,62.0,0.0,2059.0,798.0,23.0,298.0,124.0,206.0,37.0,114.0,1.4500000000000002,1324.0,51
411,2021/2022,Paris S-G,649,603.0,358.0,322.0,300.0,416.0,1011.0,761.0,158.0,18.0,1750.0,255.0,63.0,399.0,49.0,377.0,88.0,202.0,3.94,2041.0,36
412,2021/2022,RB Leipzig,546,499.0,289.0,398.0,347.0,508.0,758.0,547.0,129.0,10.0,1935.0,497.0,53.0,373.0,75.0,213.0,72.0,169.0,2.8,1461.0,37
413,2021/2022,Rayo Vallecano,642,621.0,359.0,410.0,364.0,671.0,855.0,599.0,63.0,7.0,2073.0,639.0,28.0,267.0,109.0,282.0,38.0,133.0,1.24,1312.0,50
414,2021/2022,Real Madrid,640,542.0,335.0,369.0,324.0,496.0,1183.0,911.0,136.0,13.0,1852.0,376.0,58.0,449.0,54.0,319.0,80.0,243.0,2.09,2056.0,31
415,2021/2022,Real Sociedad,670,571.0,330.0,371.0,337.0,647.0,760.0,521.0,69.0,6.0,1905.0,649.0,22.0,313.0,69.0,306.0,40.0,143.0,1.8599999999999999,1432.0,37
416,2021/2022,Reims,681,595.0,348.0,458.0,487.0,720.0,680.0,487.0,71.0,4.0,2019.0,441.0,27.0,230.0,75.0,265.0,42.0,137.0,2.64,1182.0,44
417,2021/2022,Roma,602,608.0,358.0,379.0,382.0,540.0,1024.0,691.0,92.0,8.0,1933.0,520.0,30.0,330.0,69.0,298.0,58.0,184.0,3.3899999999999997,1582.0,43
418,2021/2022,Saint-Étienne,668,669.0,381.0,388.0,438.0,517.0,741.0,512.0,65.0,5.0,2065.0,450.0,25.0,198.0,62.0,337.0,41.0,141.0,2.13,1387.0,77
419,2021/2022,Salernitana,903,530.0,314.0,377.0,339.0,742.0,726.0,489.0,58.0,3.0,1775.0,643.0,19.0,219.0,99.0,269.0,32.0,130.0,1.57,1017.0,78
420,2021/2022,Sampdoria,663,537.0,315.0,373.0,424.0,681.0,662.0,481.0,68.0,3.0,1948.0,584.0,29.0,260.0,89.0,187.0,42.0,118.0,2.15,1154.0,63
421,2021/2022,Sassuolo,532,473.0,265.0,415.0,312.0,616.0,995.0,782.0,102.0,10.0,1861.0,326.0,38.0,313.0,55.0,269.0,60.0,204.0,1.1800000000000002,1495.0,66
422,2021/2022,Sevilla,699,533.0,302.0,366.0,269.0,589.0,779.0,575.0,93.0,8.0,2011.0,587.0,38.0,304.0,112.0,283.0,51.0,139.0,2.16,1594.0,30
423,2021/2022,Southampton,517,582.0,328.0,418.0,427.0,724.0,803.0,577.0,71.0,6.0,2136.0,646.0,26.0,248.0,58.0,274.0,41.0,161.0,1.13,1298.0,67
424,2021/2022,Spezia,578,573.0,339.0,462.0,368.0,728.0,656.0,462.0,61.0,3.0,1974.0,526.0,25.0,208.0,60.0,253.0,38.0,127.0,3.14,989.0,71
425,2021/2022,Strasbourg,496,647.0,382.0,373.0,428.0,554.0,801.0,579.0,97.0,5.0,2049.0,642.0,40.0,324.0,105.0,223.0,56.0,150.0,1.84,1544.0,43
426,2021/2022,Stuttgart,621,525.0,306.0,379.0,338.0,691.0,787.0,545.0,69.0,5.0,1942.0,566.0,30.0,236.0,59.0,319.0,40.0,153.0,1.86,1255.0,59
427,2021/2022,Torino,650,525.0,308.0,370.0,420.0,642.0,821.0,585.0,74.0,6.0,2075.0,776.0,27.0,271.0,95.0,215.0,43.0,142.0,1.62,1310.0,41
428,2021/2022,Tottenham,538,597.0,348.0,468.0,354.0,762.0,876.0,672.0,114.0,4.0,1862.0,546.0,50.0,337.0,81.0,291.0,63.0,185.0,1.62,1459.0,40
429,2021/2022,Troyes,707,618.0,345.0,349.0,385.0,559.0,659.0,464.0,54.0,2.0,1833.0,393.0,23.0,213.0,84.0,267.0,35.0,120.0,2.04,1181.0,53
430,2021/2022,Udinese,643,617.0,349.0,426.0,349.0,649.0,857.0,581.0,92.0,8.0,1977.0,443.0,36.0,280.0,54.0,316.0,58.0,181.0,2.42,1223.0,58
431,2021/2022,Union Berlin,679,537.0,295.0,322.0,376.0,645.0,687.0,495.0,70.0,6.0,1933.0,573.0,33.0,248.0,111.0,168.0,50.0,149.0,1.75,1122.0,49
433,2021/2022,Valencia,634,571.0,349.0,365.0,328.0,715.0,701.0,464.0,80.0,7.0,1963.0,552.0,28.0,253.0,74.0,281.0,45.0,129.0,1.85,1171.0,53
434,2021/2022,Villarreal,649,537.0,312.0,328.0,327.0,621.0,787.0,584.0,111.0,11.0,1887.0,476.0,51.0,344.0,66.0,294.0,62.0,164.0,2.55,1689.0,37
435,2021/2022,Watford,721,613.0,356.0,438.0,441.0,877.0,684.0,466.0,56.0,4.0,2081.0,702.0,25.0,212.0,70.0,356.0,33.0,123.0,1.3900000000000001,1068.0,77
436,2021/2022,Wolfsburg,579,531.0,293.0,381.0,379.0,714.0,707.0,493.0,65.0,3.0,1900.0,592.0,23.0,249.0,68.0,216.0,42.0,132.0,1.46,1199.0,54
437,2021/2022,Wolves,552,666.0,372.0,437.0,386.0,797.0,684.0,489.0,57.0,5.0,2035.0,448.0,21.0,209.0,57.0,320.0,35.0,133.0,1.59,1272.0,43
